START,Unnamed: 1,START.1,Unnamed: 3,START.2,Unnamed: 5,START.3,Unnamed: 7,START.4,Unnamed: 9,START.5,Unnamed: 11,START.6,Unnamed: 13,START.7,Unnamed: 15,START.8,Unnamed: 17,START.9,Unnamed: 19,START.10,Unnamed: 21,START.11,Unnamed: 23,START.12,Unnamed: 25,START.13,Unnamed: 27,START.14,Unnamed: 29,START.15,Unnamed: 31,START.16,Unnamed: 33,START.17,Unnamed: 35,START.18,Unnamed: 37,START.19,Unnamed: 39,START.20,Unnamed: 41,START.21,Unnamed: 43,START.22,Unnamed: 45,START.23,Unnamed: 47,START.24,Unnamed: 49,START.25,Unnamed: 51,START.26,Unnamed: 53,START.27,Unnamed: 55,START.28,Unnamed: 57,START.29,Unnamed: 59,START.30,Unnamed: 61,START.31,Unnamed: 63,START.32,Unnamed: 65,START.33,Unnamed: 67,START.34,Unnamed: 69,START.35,Unnamed: 71,START.36,Unnamed: 73,START.37,Unnamed: 75,START.38,Unnamed: 77,START.39,Unnamed: 79,START.40,Unnamed: 81,START.41,Unnamed: 83,START.42,Unnamed: 85,START.43,Unnamed: 87,START.44,Unnamed: 89,START.45,Unnamed: 91,START.46,Unnamed: 93,START.47,Unnamed: 95,START.48,Unnamed: 97,START.49,Unnamed: 99,START.50,Unnamed: 101,START.51,Unnamed: 103,START.52,Unnamed: 105,START.53,Unnamed: 107,START.54,Unnamed: 109,START.55,Unnamed: 111,START.56,Unnamed: 113,START.57,Unnamed: 115,START.58,Unnamed: 117,START.59,Unnamed: 119,START.60,Unnamed: 121,START.61,Unnamed: 123,START.62,Unnamed: 125,START.63,Unnamed: 127,START.64,Unnamed: 129,START.65,Unnamed: 131,START.66,Unnamed: 133,START.67,Unnamed: 135,START.68,Unnamed: 137,START.69,Unnamed: 139,START.70,Unnamed: 141,START.71,Unnamed: 143,START.72,Unnamed: 145,START.73,Unnamed: 147,START.74,Unnamed: 149,START.75,Unnamed: 151,START.76,Unnamed: 153,START.77,Unnamed: 155,START.78,Unnamed: 157,START.79,Unnamed: 159,START.80,Unnamed: 161,START.81,Unnamed: 163,START.82,Unnamed: 165,START.83,Unnamed: 167,START.84,Unnamed: 169,START.85,Unnamed: 171,START.86,Unnamed: 173,START.87,Unnamed: 175,START.88,Unnamed: 177,START.89,Unnamed: 179,START.90,Unnamed: 181,START.91,Unnamed: 183,START.92,Unnamed: 185,START.93,Unnamed: 187,START.94,Unnamed: 189,START.95,Unnamed: 191,START.96,Unnamed: 193,START.97,Unnamed: 195,START.98,Unnamed: 197,START.99,Unnamed: 199
55,65.0,-15,62.0,-38,34.0,0,-32.0,-67,28.0,-1266,7.0,-39,25.0,26,28.0,50,15.0,-58,60.0,13,19.0,-75,-6.0,-7,43.0,5,-24.0,-20,-34.0,40,-2.0,-14,40.0,-179,-144.0,-93,34.0,-32,-161.0,-116,-56.0,-39,34.0,-10,-43.0,-6,27.0,1,57.0,-70,15.0,33,-104.0,-20,-14.0,-136,20.0,-136,29.0,-106,190.0,-63,-27.0,41,80.0,-125,-19.0,-3,-14.0,130,138.0,-61,103.0,-80,20.0,-18,-91.0,-57,-121.0,-138,-3.0,-118,-93.0,-28,-24.0,-47,-24.0,42,9.0,-88,-25.0,-22,11.0,70,158.0,-37,-44.0,33,-59.0,-64,-30.0,-125,-60.0,-15,0.0,-96,121.0,-8,7.0,-27,-24.0,-10,-52.0,-40,10.0,-32,-36.0,-102,-164.0,4,2.0,19,21.0,-100,-63.0,-1,13.0,63,-56.0,-178,11.0,66,-187.0,-19,-42.0,-117,-41.0,111,31.0,-40,49.0,-34,29.0,-28,-61.0,-17,21.0,-153,35.0,28,-73.0,-39,0.0,37,43.0,-19,33.0,0,-95.0,-32,10.0,-63,72.0,44,4.0,-121,32.0,-77,-53.0,-37,107.0,-95,2.0,12,62.0,-30,45.0,25,-25.0,-1,5.0,36,75.0,22,3.0,-72,13.0,-83,-11.0,-61,-24.0,61,72.0,-62,-34.0,0,-33.0,-80,-9.0
-2,61.0,-121,-123.0,-294,213.0,87,-69.0,105,-102.0,-1837,-799.0,19,-34.0,34,134.0,390,377.0,-261,303.0,-92,110.0,18,40.0,194,24.0,27,55.0,-26,371.0,246,17.0,9,12.0,-289,-321.0,-108,-33.0,2,-635.0,-79,-130.0,242,-34.0,192,-179.0,-251,-86.0,164,111.0,-527,-81.0,681,-1125.0,53,76.0,-357,268.0,79,204.0,-670,681.0,-591,71.0,-26,-172.0,-581,-434.0,67,-53.0,631,521.0,-432,527.0,200,-242.0,111,54.0,-156,-312.0,-237,-371.0,276,-175.0,-15,1.0,16,-559.0,174,-400.0,-611,-584.0,-159,50.0,-266,87.0,38,91.0,298,-391.0,-190,163.0,-97,79.0,43,137.0,-653,724.0,-672,-77.0,-466,156.0,-134,58.0,241,350.0,-6,-40.0,597,-130.0,150,-23.0,95,170.0,-262,-104.0,-12,252.0,782,-276.0,-252,310.0,673,34.0,400,-423.0,-440,-494.0,583,277.0,-250,194.0,-179,92.0,-133,-153.0,-240,-263.0,-880,-109.0,-29,-689.0,-507,92.0,-219,537.0,-171,307.0,-82,-653.0,265,-24.0,-587,-60.0,191,445.0,-432,-364.0,-328,-564.0,-314,804.0,-181,-451.0,-53,157.0,-232,51.0,279,93.0,-26,94.0,164,367.0,100,-75.0,-376,-162.0,-347,-621.0,-191,-401.0,207,253.0,-61,-29.0,-133,-64.0,24,-7.0
-324,6.0,-719,-975.0,-1154,605.0,434,-265.0,670,-466.0,-1388,-2528.0,71,-465.0,241,440.0,1161,1620.0,-1150,1132.0,-1068,630.0,195,409.0,937,162.0,196,47.0,-614,1592.0,843,240.0,143,62.0,59,-867.0,-296,67.0,563,-1913.0,-30,-1126.0,1179,263.0,829,-451.0,-975,-498.0,1382,258.0,-2401,-728.0,2883,-3010.0,494,1052.0,-35,926.0,539,891.0,-775,1851.0,-1941,265.0,45,-918.0,-2040,-2440.0,500,-353.0,2663,2368.0,-2064,1985.0,914,-1051.0,403,765.0,-619,-1165.0,-161,-1326.0,1544,-167.0,149,315.0,507,-2350.0,1103,-1772.0,-2348,-2561.0,-977,-55.0,-1079,167.0,-204,515.0,1595,-1839.0,-1040,870.0,-531,293.0,87,1017.0,-2858,2082.0,-2223,-751.0,-1697,419.0,-831,334.0,736,1530.0,-34,-396.0,3148,108.0,894,345.0,33,416.0,-1189,-1259.0,-853,1346.0,2415,-452.0,-381,1206.0,1518,1283.0,2330,-1729.0,-1522,-2077.0,2338,1550.0,-574,724.0,-853,304.0,-433,-515.0,-922,-1864.0,-3373,-756.0,149,-2858.0,-2290,171.0,-1657,2125.0,-1076,1606.0,-95,-1807.0,1326,-14.0,-2359,-1175.0,445,1386.0,-1550,-1455.0,-851,-1946.0,-1549,2731.0,-170,-1955.0,-326,1064.0,-1486,-88.0,1648,1116.0,-239,166.0,341,1138.0,682,-809.0,-1643,-1078.0,-913,-2640.0,-312,-2065.0,636,859.0,-385,21.0,-342,-122.0,257,591.0
-1056,-377.0,-1474,-3247.0,-2121,729.0,812,-625.0,1599,-554.0,-556,-3963.0,-214,-1398.0,291,1087.0,1246,3170.0,-2564,1982.0,-3621,1351.0,520,1601.0,1688,308.0,294,442.0,-2471,3415.0,1659,472.0,532,309.0,397,-1390.0,-492,-110.0,1883,-3405.0,218,-2999.0,2062,1385.0,2864,-980.0,-1927,-1379.0,3946,582.0,-5195,-2414.0,5442,-3813.0,1001,3994.0,1200,2050.0,420,1927.0,-118,3566.0,-3688,805.0,164,-1634.0,-3213,-5065.0,1250,-900.0,4271,4854.0,-4174,3559.0,1708,-2644.0,832,3268.0,-1080,-3054.0,484,-2301.0,3557,352.0,497,986.0,1843,-4835.0,3841,-4269.0,-4196,-4937.0,-3385,-570.0,-2824,360.0,-557,1097.0,4085,-4330.0,-3985,2377.0,-1469,732.0,-32,2309.0,-5642,2996.0,-4188,-1568.0,-2952,844.0,-1558,622.0,1278,2824.0,-12,-1151.0,6203,1154.0,1818,1058.0,80,1002.0,-3122,-4401.0,-3429,4108.0,4179,-249.0,-552,2451.0,1762,3829.0,5068,-3020.0,-2596,-4246.0,4158,4079.0,-648,1500.0,-2466,292.0,-774,-1344.0,-1690,-5010.0,-5719,-1907.0,1020,-5521.0,-4850,-25.0,-3962,3895.0,-3173,3531.0,-240,-3301.0,3843,129.0,-4793,-3078.0,1204,2454.0,-3295,-3429.0,-1169,-3477.0,-3453,4672.0,162,-4075.0,-1260,3617.0,-4655,-909.0,3989,4006.0,-661,513.0,347,2384.0,2497,-2353.0,-3521,-3082.0,-943,-4979.0,-117,-4778.0,1311,2283.0,-994,95.0,-1304,-501.0,742,1799.0
-1152,-1562.0,-1199,-4620.0,-1820,-99.0,705,-948.0,2076,-55.0,-812,-4196.0,-196,-2244.0,54,1336.0,266,2796.0,-2740,1603.0,-5194,1503.0,394,2771.0,1354,131.0,89,705.0,-3889,3562.0,1556,234.0,714,234.0,-148,-811.0,149,-456.0,3285,-3491.0,615,-4160.0,1756,2305.0,4329,-803.0,-2712,-2059.0,5400,919.0,-5677,-3232.0,5432,-2891.0,8,6373.0,2177,3095.0,-1046,1723.0,-4,4816.0,-4031,1748.0,-573,-1151.0,-2951,-5420.0,1755,-1481.0,3501,5679.0,-4213,3970.0,1384,-4124.0,364,5962.0,-674,-4159.0,1281,-1924.0,5319,1144.0,833,1312.0,2886,-5065.0,5288,-4041.0,-5085,-4500.0,-5535,-1264.0,-3957,-11.0,-3,794.0,4969,-4669.0,-5823,2898.0,-2405,1025.0,-17,3407.0,-6163,2175.0,-5105,-2018.0,-2981,788.0,-1641,1073.0,1366,1908.0,-299,-1424.0,6235,2343.0,2025,1321.0,38,1356.0,-3448,-5928.0,-4947,5082.0,3989,108.0,-1023,2986.0,733,5211.0,5667,-2655.0,-2655,-4391.0,3353,5539.0,-120,1819.0,-3841,-407.0,-404,-1493.0,-1513,-6072.0,-5756,-2404.0,1703,-5495.0,-5317,-528.0,-4667,3717.0,-4478,4041.0,-611,-4054.0,5632,451.0,-5233,-3647.0,2577,2442.0,-3694,-4041.0,-598,-3680.0,-3982,4228.0,928,-4492.0,-2276,5622.0,-6249,-1853.0,3890,5491.0,-705,791.0,355,2770.0,4201,-3276.0,-3749,-4027.0,-75,-4795.0,533,-5315.0,1210,3460.0,-1428,462.0,-1708,-1206.0,1102,2579.0
650,-2831.0,43,-4090.0,-371,-1198.0,-525,-1113.0,1182,620.0,-985,-3646.0,636,-2462.0,-316,633.0,-416,328.0,-620,-130.0,-3530,468.0,-295,2540.0,732,129.0,-467,560.0,-3144,1581.0,445,-513.0,657,-632.0,-753,949.0,2176,-632.0,3185,-1865.0,415,-2047.0,-195,2023.0,3140,149.0,-2375,-1742.0,4609,525.0,-2884,-2240.0,1421,-676.0,-2350,5881.0,875,3099.0,-2777,-523.0,-981,3769.0,-2210,2113.0,-1724,191.0,-1631,-2935.0,1250,-2034.0,-562,3479.0,-1883,2166.0,182,-4125.0,-1436,6133.0,529,-2798.0,1262,-342.0,5401,1058.0,1227,240.0,2834,-2487.0,5423,-1623.0,-4537,-634.0,-5377,-1352.0,-2358,-629.0,2261,346.0,3950,-3143.0,-4223,2677.0,-1814,940.0,201,3183.0,-3493,8.0,-4536,-1597.0,-766,-33.0,-569,1749.0,703,-487.0,-835,-1067.0,3296,2322.0,1150,837.0,-312,1061.0,-2939,-6070.0,-4914,4536.0,2276,556.0,-1745,1063.0,-918,3925.0,3925,-516.0,-1499,-2040.0,592,5323.0,-240,661.0,-2683,-911.0,429,268.0,-452,-4084.0,-3180,-1612.0,1224,-1397.0,-2774,-641.0,-3286,1901.0,-3843,2309.0,-527,-3536.0,4850,704.0,-4083,-2349.0,3752,1947.0,-2687,-2867.0,896,-1628.0,-2379,907.0,1577,-2069.0,-2173,5549.0,-5906,-2151.0,1041,5318.0,-360,169.0,405,1646.0,3951,-2373.0,-1881,-2694.0,1251,-1892.0,1309,-2531.0,358,2567.0,-1177,748.0,-1020,-1530.0,1029,1006.0
2337,-2526.0,965,-1054.0,264,-1207.0,-2313,-1589.0,-42,96.0,650,-2382.0,2034,-1905.0,-410,-344.0,-161,-1500.0,1319,-1551.0,669,-411.0,-732,1415.0,903,493.0,-1298,275.0,-546,-282.0,-135,-1501.0,878,-1526.0,828,2240.0,4117,-529.0,1603,176.0,84,495.0,-2664,816.0,253,1207.0,-609,-864.0,1208,-141.0,893,-443.0,-525,318.0,-4519,1761.0,-453,2600.0,-2253,-2493.0,-1519,1104.0,-409,890.0,-1830,604.0,-230,431.0,724,-1879.0,-3429,-334.0,-447,-48.0,-450,-1372.0,-3232,2722.0,873,251.0,-841,1172.0,3666,991.0,1976,-1213.0,1363,721.0,2001,2186.0,-2523,2778.0,-2045,-536.0,273,-1730.0,4055,519.0,375,348.0,420,1266.0,-303,1116.0,-271,2048.0,-228,-1772.0,-1809,-1370.0,1909,-1201.0,164,2362.0,199,-1498.0,-1474,-1242.0,-1537,1412.0,6,486.0,-925,888.0,-416,-2157.0,-1519,465.0,558,1068.0,-2847,-1843.0,-405,1535.0,408,1196.0,94,353.0,-2398,2177.0,-2051,-513.0,384,-437.0,282,2344.0,846,79.0,509,-265.0,510,1562.0,1099,-524.0,-356,-623.0,-998,-539.0,137,-2012.0,1496,689.0,-632,-323.0,2602,1640.0,-212,-453.0,2298,163.0,-103,-1576.0,2252,420.0,-500,2256.0,-2144,-1029.0,-2682,1218.0,-382,-1476.0,11,-42.0,1340,-104.0,786,-151.0,2195,967.0,1099,1075.0,-436,734.0,-27,334.0,712,-504.0,987,-1280.0
1335,-734.0,250,1170.0,11,-223.0,-2308,-1601.0,-869,-1472.0,2473,-743.0,2937,-2411.0,-654,332.0,1444,-1362.0,1484,-1150.0,2759,-600.0,-387,1151.0,2791,379.0,-1716,890.0,922,40.0,423,-2177.0,1899,-2156.0,4054,1309.0,3332,41.0,871,404.0,-100,568.0,-3835,635.0,-723,1984.0,1678,-719.0,-1041,-77.0,1836,222.0,586,-100.0,-4021,-2588.0,813,2397.0,218,-2866.0,-1098,161.0,282,-1262.0,-579,-361.0,178,537.0,1137,-884.0,-3077,-2053.0,-901,-1118.0,357,1409.0,-3081,-1152.0,-73,2606.0,-4074,1489.0,2069,1611.0,2489,-1189.0,333,1055.0,89,3316.0,-1478,1874.0,1245,117.0,934,-2970.0,2679,1812.0,-462,1702.0,2018,1152.0,1498,2098.0,-1376,1439.0,129,-2092.0,-462,-1364.0,1967,-2670.0,260,2406.0,766,303.0,-1691,-1712.0,-2229,1473.0,170,697.0,-183,1369.0,1842,1055.0,756,-1940.0,-114,330.0,-3435,-3961.0,1896,711.0,-541,1252.0,880,530.0,-2149,684.0,-3948,217.0,2101,310.0,-1705,2223.0,1431,1711.0,1156,215.0,-456,1519.0,2197,-575.0,232,-914.0,629,-1473.0,597,-1514.0,388,99.0,765,-773.0,1079,1852.0,1389,-268.0,2122,-289.0,367,-1344.0,2351,752.0,318,-583.0,1492,-61.0,-3619,-1940.0,-2283,-3013.0,-1068,-611.0,-703,987.0,1485,874.0,1518,842.0,607,1998.0,-533,429.0,1069,-1573.0,1134,1168.0,1547,-1681.0
-709,674.0,-1357,2286.0,1232,938.0,111,-251.0,-1525,-2027.0,1999,332.0,2603,-3763.0,-1898,3056.0,3071,-631.0,975,1302.0,1643,1092.0,1701,2270.0,4380,-506.0,-1179,3105.0,1401,2908.0,461,-2844.0,1714,-2204.0,4265,-359.0,1019,1384.0,1584,-694.0,297,-1926.0,-2982,2843.0,2074,1127.0,3169,-1636.0,-669,619.0,167,-156.0,2692,-1271.0,-2115,-2381.0,3009,2155.0,1331,-2828.0,-435,1049.0,481,-2245.0,64,-1023.0,-214,-2048.0,2849,-422.0,-1355,-847.0,-1359,-720.0,1097,2796.0,-1612,-1719.0,-697,2905.0,-5645,902.0,1795,2255.0,2643,-733.0,447,-590.0,472,1291.0,-1590,-799.0,1188,-117.0,-1696,-3016.0,420,3259.0,1486,1104.0,333,1604.0,3005,3437.0,-1360,2237.0,-1858,-1321.0,-1295,-782.0,-163,-3534.0,552,1417.0,3046,2567.0,-2432,-1112.0,844,2304.0,1747,761.0,2633,2788.0,2326,551.0,424,-1313.0,-182,-2174.0,-2808,-3961.0,2149,1479.0,345,-18.0,652,-687.0,154,1392.0,-4077,2860.0,1203,551.0,-3324,909.0,876,224.0,-228,-214.0,-2223,-440.0,123,-811.0,-1377,1318.0,115,-451.0,58,-2338.0,1839,-1683.0,-348,-2582.0,1800,1831.0,1352,-2454.0,737,-2770.0,-839,477.0,1712,-1504.0,-250,-1030.0,1075,-58.0,-768,-1194.0,-4447,-2825.0,-2429,856.0,-161,521.0,181,-45.0,-969,-1505.0,373,355.0,768,2023.0,698,-3766.0,-153,3095.0,2180,-186.0
-535,1686.0,-2570,2120.0,3121,1904.0,1556,1194.0,-2010,-1509.0,-290,334.0,1031,-2848.0,-2908,4324.0,3130,-272.0,770,3630.0,610,3518.0,3615,3270.0,2827,-1570.0,500,4857.0,1168,4934.0,-208,-3401.0,-454,-3470.0,457,-248.0,-579,3490.0,1131,-1235.0,1603,-3250.0,-2018,4129.0,6044,-641.0,3047,-2133.0,659,1093.0,-1028,-199.0,2656,-1703.0,-615,442.0,1992,573.0,167,-3065.0,267,924.0,734,-1544.0,-447,-565.0,-823,-3565.0,4373,-1628.0,-644,157.0,-756,-500.0,1008,2755.0,-487,-214.0,-325,1368.0,-4160,-403.0,1769,2230.0,2945,-1381.0,842,-1875.0,1304,-990.0,-1395,-1973.0,-859,-457.0,-4923,-1909.0,352,4286.0,3503,-152.0,-870,3146.0,3492,3694.0,-28,3344.0,-3003,-684.0,-1786,375.0,-406,-2163.0,137,503.0,3846,2687.0,-2710,489.0,3454,3115.0,2547,219.0,4286,3611.0,1531,-1892.0,-923,576.0,149,-3486.0,-297,-3300.0,-887,1631.0,899,-836.0,159,-1357.0,1946,2721.0,-2606,3549.0,654,990.0,-3331,439.0,41,-1376.0,-973,-433.0,-3855,-903.0,-1637,-818.0,-3150,3194.0,-992,704.0,-1054,-1883.0,3471,-3806.0,-1861,-2759.0,3122,1073.0,274,-4334.0,373,-3577.0,-1734,1444.0,926,-2736.0,-1114,251.0,-1137,-486.0,1108,752.0,-4090,-1061.0,-2482,1865.0,1753,-167.0,-761,-1100.0,-3167,-2869.0,233,-876.0,2754,3988.0,-371,-4363.0,-1422,3978.0,2666,-401.0
721,2257.0,-1650,330.0,1692,2786.0,38,510.0,-881,-1903.0,-1926,-394.0,-879,628.0,-1638,2208.0,787,64.0,24,2902.0,65,3967.0,2801,2943.0,-871,-1379.0,2293,3423.0,46,2661.0,-70,-1692.0,-2619,-4322.0,-3113,944.0,-857,3672.0,-1408,-365.0,3417,-1497.0,-1692,1331.0,6100,-1207.0,2258,-335.0,662,657.0,-717,340.0,600,-416.0,81,2178.0,-274,-1422.0,-1223,-1328.0,877,-1011.0,791,-1220.0,297,332.0,-153,-1267.0,3245,-2835.0,177,-462.0,230,-1377.0,-210,2827.0,-458,557.0,129,-539.0,-69,-1567.0,6,1647.0,2673,-1609.0,428,-1206.0,507,-1114.0,375,-767.0,-1575,-446.0,-5004,-649.0,673,4062.0,2507,-543.0,-77,3562.0,1355,1411.0,928,2283.0,-1387,-578.0,671,872.0,1812,698.0,-2239,640.0,697,1376.0,-783,1446.0,1670,2151.0,406,-272.0,1895,3032.0,725,-2763.0,-1347,1946.0,779,-1276.0,2499,-2689.0,-3517,871.0,590,-490.0,54,-660.0,886,1576.0,-409,-65.0,1684,1856.0,-2468,-233.0,-373,-1057.0,-191,-63.0,-2545,583.0,-1035,-360.0,-1937,1464.0,-857,817.0,-1816,813.0,2536,-3144.0,-1135,-263.0,1663,-605.0,181,-3079.0,1375,-921.0,-1163,467.0,233,-807.0,-843,904.0,-1645,-415.0,1706,1072.0,-360,910.0,-637,14.0,2195,-47.0,-155,-816.0,-2511,-872.0,-120,-633.0,2721,3826.0,318,-2375.0,-2204,3408.0,2017,-1323.0
-202,1328.0,273,-2547.0,-2222,2159.0,-1875,-1415.0,1179,-3105.0,-1961,-801.0,-1513,2621.0,1207,-622.0,-1821,-230.0,-974,-176.0,-1032,1614.0,-640,1621.0,-2749,-842.0,2783,-444.0,-1374,-1550.0,725,1705.0,-2392,-1911.0,-2201,1304.0,-396,434.0,-2851,837.0,3933,522.0,-1512,-2203.0,1587,664.0,1496,2199.0,-558,-46.0,173,922.0,-983,741.0,965,796.0,-370,-2191.0,-1241,1916.0,704,-2103.0,660,-1559.0,2357,348.0,805,1885.0,-107,-1969.0,1061,-1371.0,819,-1381.0,-1161,3043.0,-327,-163.0,190,-1859.0,2212,-1471.0,-1800,1609.0,998,74.0,-513,127.0,-1085,333.0,1676,-30.0,-190,203.0,-1114,-40.0,-1148,2454.0,-269,-107.0,670,899.0,-1526,-1979.0,774,-592.0,451,-765.0,3574,2.0,2820,2294.0,-4180,1167.0,-3505,-15.0,2200,1344.0,-1105,798.0,-2611,-244.0,-2296,1169.0,160,-244.0,-2,1128.0,1446,1647.0,2619,-1956.0,-2054,37.0,14,377.0,359,493.0,-1304,-718.0,985,-3799.0,2054,1528.0,-1303,-2077.0,-247,557.0,503,347.0,684,1561.0,584,108.0,700,-1439.0,544,-123.0,-1833,2650.0,-38,292.0,433,2126.0,-874,-2344.0,919,744.0,1768,1838.0,88,-814.0,-472,1719.0,345,-123.0,187,-2.0,1149,-1171.0,2307,1752.0,1465,-2507.0,515,541.0,759,588.0,130,2257.0,-509,525.0,121,1354.0,2238,703.0,-3529,1109.0,-84,-289.0
-2329,-654.0,1195,-3240.0,-3502,491.0,-1467,-1509.0,1331,-2987.0,-1529,-497.0,-42,926.0,1887,-457.0,-1497,-1125.0,-833,-1783.0,-1675,-1283.0,-2310,422.0,-681,-256.0,1427,-2680.0,-1569,-3034.0,295,3384.0,-879,1738.0,720,314.0,223,-2191.0,-1350,1201.0,2096,889.0,-424,-2310.0,-2646,2533.0,337,2165.0,-906,-423.0,215,670.0,-1171,582.0,1665,-914.0,1700,-603.0,-19,3413.0,-431,-893.0,145,-916.0,3107,-529.0,998,2977.0,-2022,-434.0,707,-1256.0,1394,302.0,-603,2226.0,283,-667.0,973,-1637.0,809,72.0,-1178,1311.0,-615,1550.0,-884,419.0,-1267,632.0,1184,-195.0,1117,600.0,2047,127.0,-2854,507.0,-1229,47.0,380,-1715.0,-2287,-3095.0,529,-2012.0,566,-562.0,2926,-1586.0,452,770.0,-3271,1379.0,-3830,-695.0,2261,1044.0,-1516,-146.0,-2714,19.0,-2970,211.0,-481,1134.0,771,268.0,1964,1921.0,349,-759.0,707,101.0,-157,481.0,388,759.0,-1879,-1550.0,684,-3206.0,599,-409.0,78,-3006.0,-148,756.0,354,481.0,1856,1354.0,1087,196.0,1843,-2027.0,1005,-406.0,-605,1668.0,-1698,1922.0,384,2379.0,-1340,-2151.0,761,2596.0,748,1587.0,678,-883.0,-1457,1345.0,929,-1005.0,1153,106.0,982,-2166.0,1302,490.0,1597,-2067.0,-1060,529.0,505,1180.0,1295,3028.0,-356,552.0,-1967,-683.0,2877,1761.0,-4330,-1250.0,-1892,1754.0
-2576,-871.0,21,-1754.0,-647,-354.0,-409,716.0,-882,-983.0,-1546,92.0,1536,-1656.0,-57,1576.0,984,-1064.0,-153,-282.0,-1416,-1331.0,-298,437.0,1758,21.0,-889,-1246.0,-727,-1318.0,-918,1201.0,-489,2562.0,2054,-629.0,418,-1133.0,380,897.0,-712,-269.0,381,582.0,-2987,1695.0,-687,-710.0,-275,-228.0,-194,32.0,79,-639.0,1523,-789.0,2571,912.0,1682,1384.0,-1681,474.0,-713,897.0,1594,-1614.0,700,2109.0,-302,-57.0,-725,-1217.0,1844,2526.0,918,653.0,717,-173.0,2630,39.0,-1860,996.0,611,1031.0,-208,982.0,-362,-58.0,-486,-108.0,381,-445.0,1023,422.0,1218,288.0,-1640,-274.0,-612,274.0,1002,-1753.0,-728,-518.0,690,-452.0,-741,-228.0,106,-1628.0,-2288,-1383.0,-411,1281.0,-230,-394.0,-639,741.0,-496,-577.0,129,595.0,58,702.0,-657,504.0,358,-16.0,2428,292.0,-1464,78.0,1554,357.0,65,-26.0,213,59.0,-763,-411.0,-701,-300.0,-537,-1859.0,1265,-1080.0,-175,126.0,-106,109.0,-39,70.0,642,-24.0,1051,-697.0,359,-112.0,1007,-194.0,-1597,-29.0,-747,926.0,118,-393.0,336,1616.0,-225,-725.0,376,-34.0,-1599,-1658.0,553,-966.0,903,5.0,-147,-1055.0,-430,-783.0,39,844.0,-974,-49.0,-340,669.0,70,1103.0,104,-49.0,-1049,-334.0,1394,189.0,-3430,-1757.0,-1587,2089.0
-995,1019.0,-814,-34.0,1862,243.0,-485,2528.0,-2675,413.0,-1827,617.0,1586,-2100.0,-1584,2441.0,2672,197.0,-230,1749.0,-565,726.0,2150,786.0,2536,191.0,-1994,694.0,-473,497.0,-1084,-1282.0,-571,156.0,1722,-683.0,-75,1955.0,85,418.0,-1493,-1385.0,138,2201.0,-287,-366.0,-420,-3117.0,697,96.0,-486,-550.0,1357,-1770.0,925,543.0,1043,1386.0,2751,-1078.0,-2261,298.0,-1171,2030.0,-32,-2060.0,329,27.0,2053,-208.0,-1495,-1396.0,1250,2810.0,1366,-277.0,529,1109.0,3197,1827.0,-3188,315.0,1873,1295.0,1277,29.0,510,-424.0,664,-1069.0,150,-687.0,158,-6.0,-1246,229.0,855,515.0,727,170.0,1075,888.0,279,1665.0,365,1987.0,-1602,109.0,-1960,-93.0,-2310,-1604.0,1186,1088.0,2374,-81.0,-3185,62.0,1133,-157.0,2159,1419.0,2321,1536.0,-633,-1433.0,-947,21.0,2489,-760.0,-1834,-60.0,1039,412.0,563,-404.0,68,-506.0,529,1301.0,-1934,715.0,50,-1402.0,1310,1394.0,-175,-610.0,-545,-396.0,-1777,-1262.0,48,-174.0,-553,323.0,-620,382.0,2067,-483.0,-135,-2151.0,-2028,-758.0,951,1238.0,230,-332.0,-93,-1716.0,-182,599.0,-592,-3837.0,-355,-391.0,42,-127.0,-1173,1050.0,-951,-798.0,-1012,2702.0,184,-601.0,-887,-240.0,-999,-914.0,180,-620.0,571,1153.0,134,-1389.0,-867,-324.0,-9,378.0
157,2207.0,-372,-173.0,1736,898.0,-786,2322.0,-2164,307.0,-1410,556.0,813,-1058.0,-1431,882.0,2289,1282.0,-858,2129.0,-865,2479.0,2657,923.0,1719,992.0,-1819,1397.0,-1064,850.0,172,-2187.0,-417,-1704.0,1776,215.0,-1038,3755.0,-698,323.0,-345,-1450.0,-689,1244.0,1430,-1319.0,844,-2795.0,940,396.0,-342,-759.0,2122,-2122.0,369,1486.0,-732,1922.0,3018,-1833.0,-2706,-615.0,-1036,1308.0,-504,-2206.0,571,-787.0,1849,438.0,-997,-1734.0,81,1333.0,780,-76.0,-59,1779.0,1539,2622.0,-2927,-1205.0,1219,1773.0,1447,133.0,1092,-279.0,1346,-872.0,601,-857.0,-419,-294.0,-2600,-620.0,1700,1358.0,1290,286.0,756,2586.0,83,2478.0,-831,2505.0,-1326,-83.0,-1484,874.0,-527,-805.0,921,715.0,2608,593.0,-3278,-901.0,1244,716.0,1643,2066.0,1802,1778.0,-385,-2085.0,-1797,-80.0,2357,-476.0,-1762,-350.0,1111,894.0,967,-454.0,335,-575.0,706,1741.0,-2283,274.0,1505,-761.0,285,1728.0,-15,-661.0,-644,-678.0,-1426,-1499.0,104,-298.0,-1361,-261.0,-748,399.0,2614,27.0,857,-1381.0,-1557,-1569.0,204,2342.0,1163,-1546.0,835,-1211.0,-524,458.0,1213,-3547.0,-1132,-167.0,-494,-416.0,-1207,1917.0,-373,-338.0,-1229,2005.0,903,-570.0,-603,-742.0,-960,-1583.0,-260,-639.0,613,2461.0,449,-1861.0,261,656.0,909,-848.0
65,1412.0,-15,-698.0,556,1108.0,-86,1596.0,-1072,-206.0,-78,-1.0,509,-687.0,-1465,-370.0,2047,977.0,-1303,1585.0,-1226,2512.0,1775,1065.0,995,2144.0,-2057,1037.0,-1310,1040.0,1387,-2007.0,275,-1342.0,2017,605.0,-1951,2879.0,-173,579.0,114,-1067.0,-1526,273.0,1787,-465.0,2097,-911.0,641,624.0,-158,-792.0,2299,-1984.0,-165,982.0,-772,2517.0,2785,-1064.0,-3088,-512.0,-992,-683.0,-580,-2640.0,426,-1749.0,301,1454.0,-584,-1379.0,-1073,514.0,632,762.0,-939,1041.0,-548,2382.0,-2357,-1380.0,772,2029.0,834,845.0,1175,-8.0,1636,342.0,451,-1274.0,-125,-553.0,-2137,-1806.0,928,1659.0,1409,873.0,-467,2236.0,-352,2485.0,-2195,1436.0,-614,-752.0,-429,-345.0,394,-1115.0,731,836.0,2004,1511.0,-2595,-1308.0,640,1819.0,658,2354.0,812,2350.0,231,-1102.0,-1638,-601.0,2161,-232.0,-2290,-666.0,1967,1318.0,880,-291.0,696,-681.0,266,1596.0,-2279,-6.0,2116,-1380.0,-1331,919.0,158,-204.0,-686,-665.0,-342,-1579.0,44,-610.0,-1974,-1322.0,-594,-21.0,3221,-226.0,1213,334.0,-23,-2186.0,-362,2973.0,1872,-2191.0,1208,-1295.0,-739,38.0,2504,-2336.0,-1715,-263.0,-359,-579.0,-898,1124.0,-271,-862.0,-1920,652.0,1003,-4.0,172,-749.0,-191,-1983.0,-164,-299.0,-428,2455.0,1366,-1873.0,-209,1199.0,1368,-435.0
76,508.0,-813,-44.0,595,1111.0,1266,1697.0,-1217,-194.0,524,-121.0,200,-1460.0,-1977,-58.0,2370,-32.0,-1535,1946.0,-1030,2303.0,1305,1755.0,1026,2319.0,-2676,903.0,-588,1483.0,1272,-2101.0,943,-646.0,1490,136.0,-2927,1550.0,1092,425.0,-1055,-1207.0,-1523,686.0,1310,1.0,2095,-477.0,444,932.0,-215,-757.0,1599,-1771.0,-925,-38.0,296,1909.0,2578,-656.0,-2322,799.0,-1441,-1847.0,-739,-2594.0,-264,-2545.0,410,1658.0,-803,-460.0,-1025,835.0,1170,981.0,-2121,-205.0,-711,1784.0,-2293,240.0,1357,1301.0,876,665.0,958,-4.0,1855,963.0,-267,-1167.0,130,-959.0,-1300,-2052.0,715,1421.0,1570,891.0,-1207,1160.0,-98,2530.0,-2185,778.0,-515,-758.0,21,-2012.0,-420,-1789.0,1618,1320.0,2026,1594.0,-2374,-393.0,643,1617.0,1311,1528.0,361,2532.0,1189,-781.0,-1262,-798.0,1471,-751.0,-2458,-416.0,2516,751.0,607,-297.0,752,-890.0,261,1903.0,-1732,1015.0,1176,-2587.0,-2655,937.0,190,-209.0,-766,-564.0,-277,-2055.0,-411,-863.0,-2444,-966.0,-859,-333.0,2731,-1129.0,1305,501.0,475,-2477.0,611,2254.0,1539,-2603.0,500,-2198.0,-982,-177.0,2124,-2117.0,-2195,29.0,-391,-635.0,-1131,687.0,-1002,-1274.0,-2473,-194.0,989,531.0,726,-882.0,58,-2482.0,578,-241.0,-631,2311.0,1104,-2303.0,-284,1886.0,2332,494.0
677,646.0,-1259,1112.0,1195,416.0,2017,1335.0,-1438,386.0,-258,619.0,-797,-1702.0,-1724,1369.0,1953,-800.0,-862,2341.0,-404,2420.0,1704,2295.0,789,589.0,-1734,1535.0,468,2210.0,-263,-2219.0,1020,-1038.0,199,-410.0,-3117,1087.0,1576,-378.0,-2545,-1088.0,-294,1528.0,1287,-525.0,984,-1483.0,399,819.0,-301,-325.0,78,-1576.0,-1427,26.0,756,229.0,1111,-1140.0,-1115,1753.0,-1474,-899.0,-1066,-964.0,-856,-1876.0,1611,384.0,-1091,723.0,-244,1133.0,896,149.0,-2615,-229.0,1197,999.0,-1271,1951.0,1724,-558.0,1486,-937.0,416,-265.0,1083,457.0,-958,-215.0,-58,-1140.0,-1247,-1094.0,1562,719.0,1206,186.0,-641,723.0,999,1882.0,-22,984.0,-522,217.0,-181,-1521.0,-1608,-1099.0,2658,1045.0,2511,493.0,-1870,1198.0,1337,541.0,2215,-447.0,713,1636.0,1642,-967.0,-1095,-625.0,144,-1263.0,-1132,147.0,2039,-175.0,85,-457.0,345,-746.0,486,1514.0,198,1968.0,-219,-2443.0,-2242,2101.0,-119,-399.0,-466,-77.0,-1297,-1648.0,-807,-363.0,-1647,152.0,-1004,-189.0,636,-1212.0,935,-1143.0,-248,-1619.0,1883,290.0,527,-2407.0,-685,-2402.0,-767,16.0,71,-1799.0,-2118,446.0,-612,-549.0,-1615,901.0,-1381,-103.0,-1257,-56.0,880,591.0,521,-662.0,-757,-1815.0,1013,-496.0,467,2251.0,-384,-2569.0,698,2297.0,2964,-137.0
1487,815.0,-165,1620.0,873,-816.0,1561,-75.0,-559,795.0,-1115,1307.0,-1286,-903.0,-223,1780.0,485,-1156.0,352,1345.0,61,2101.0,1511,1452.0,139,-1137.0,540,1435.0,1097,1502.0,-1438,-1653.0,91,-1633.0,-523,-153.0,-1485,681.0,791,-686.0,-2490,-245.0,906,1263.0,978,-1565.0,-109,-2126.0,242,184.0,-233,338.0,-1068,-1029.0,-800,967.0,208,-856.0,-886,-1459.0,-727,837.0,-819,749.0,-1482,739.0,-765,-120.0,1541,-1448.0,-814,1137.0,461,411.0,-42,-521.0,-1372,865.0,2428,287.0,-570,1987.0,1333,-1535.0,1661,-2647.0,-300,-445.0,-151,-341.0,-756,703.0,-387,-779.0,-1161,489.0,2110,-717.0,197,-700.0,369,904.0,1928,547.0,2452,1420.0,-3,1038.0,-243,535.0,-1111,328.0,2004,-8.0,2369,-801.0,-718,1830.0,1058,-547.0,1647,-2112.0,309,-295.0,801,-798.0,-639,-27.0,-969,-758.0,407,-97.0,684,-262.0,-510,-444.0,-54,-106.0,480,400.0,1675,1838.0,-254,-889.0,84,2308.0,-480,-261.0,43,367.0,-1790,-333.0,-486,504.0,166,623.0,-409,166.0,-1187,-340.0,-231,-2194.0,-829,-271.0,1759,-1324.0,-388,-815.0,-945,-846.0,-129,166.0,-1806,-982.0,-995,689.0,-548,-114.0,-924,476.0,-984,1237.0,954,241.0,216,70.0,29,2.0,-1715,28.0,344,-381.0,1702,1548.0,-1380,-1380.0,1929,1203.0,1966,-1910.0
1513,195.0,994,641.0,-172,-1425.0,518,-1239.0,700,393.0,-759,1559.0,-650,65.0,720,848.0,-465,-977.0,963,-326.0,39,716.0,347,47.0,-390,-1507.0,1416,548.0,419,169.0,-849,-624.0,-726,-1328.0,-529,19.0,325,133.0,-214,-299.0,-1420,410.0,534,-130.0,-1,-1249.0,26,-1129.0,-102,-336.0,-114,391.0,-635,-534.0,450,886.0,-553,-752.0,-1351,-998.0,-624,-658.0,-346,1248.0,-1547,746.0,-348,728.0,112,-2048.0,-618,209.0,138,-85.0,-379,43.0,59,989.0,1446,99.0,-281,572.0,164,-768.0,1481,-2266.0,-422,-338.0,-687,-607.0,-129,405.0,-445,-31.0,-449,1040.0,1246,-1124.0,-511,-779.0,581,936.0,1745,-215.0,2569,872.0,317,983.0,52,1220.0,550,671.0,166,-626.0,1177,-472.0,189,785.0,699,-569.0,-194,-1352.0,-392,-857.0,-204,-22.0,92,100.0,-877,648.0,982,-719.0,1,-51.0,-387,-205.0,-65,254.0,351,-346.0,985,437.0,705,273.0,1537,946.0,-460,141.0,313,329.0,-1168,204.0,30,733.0,1235,233.0,140,205.0,-1172,320.0,-808,-1309.0,-805,574.0,212,-1056.0,-405,381.0,233,937.0,199,-34.0,-1713,290.0,289,332.0,-138,196.0,224,-476.0,-114,1315.0,1717,21.0,-535,-412.0,-168,488.0,-1618,942.0,-357,-136.0,1454,210.0,-515,-28.0,1609,-620.0,464,-2371.0
416,-616.0,1051,-107.0,-346,-440.0,158,-678.0,125,-443.0,-115,1578.0,-221,186.0,225,-393.0,-128,-797.0,390,-559.0,-463,-303.0,-545,-215.0,-529,-1498.0,318,-217.0,-552,-656.0,370,204.0,-569,-305.0,-154,-623.0,1195,-569.0,-545,-607.0,-179,37.0,-158,-1207.0,-697,268.0,769,402.0,-241,-164.0,116,-2.0,5,-302.0,829,312.0,76,-582.0,195,-261.0,475,-890.0,-83,915.0,-955,-346.0,241,685.0,-588,-1120.0,-446,-1124.0,29,-47.0,-13,726.0,221,372.0,-220,248.0,-527,-445.0,-525,729.0,1277,-23.0,-14,52.0,-294,-317.0,177,152.0,-227,65.0,175,299.0,-491,-51.0,-308,-73.0,-35,626.0,906,131.0,609,134.0,323,545.0,375,137.0,1370,279.0,-1390,-535.0,32,687.0,180,-458.0,2,133.0,-1140,771.0,-447,258.0,-203,184.0,213,-80.0,-286,1323.0,506,-368.0,1122,-642.0,23,131.0,98,241.0,-192,-299.0,-315,-223.0,670,203.0,1052,-604.0,35,295.0,354,93.0,-201,-104.0,342,258.0,1382,-306.0,279,-74.0,-44,314.0,-360,253.0,-593,278.0,-846,-302.0,446,371.0,1338,1210.0,4,-435.0,-112,1082.0,521,53.0,95,124.0,443,-790.0,-273,1142.0,653,368.0,-744,-339.0,191,440.0,-690,530.0,-151,22.0,38,-535.0,1102,131.0,146,-941.0,-103,-928.0
-151,-929.0,958,176.0,540,719.0,836,479.0,-1644,-933.0,-165,1484.0,-584,-287.0,-566,-933.0,906,-843.0,-412,396.0,-535,-145.0,-831,76.0,15,-2758.0,-906,-88.0,-306,-321.0,-320,517.0,-192,562.0,-24,-1393.0,657,-1158.0,238,-1743.0,-174,-1032.0,792,-975.0,-446,937.0,728,892.0,-196,248.0,218,-188.0,-259,-571.0,609,-456.0,1839,-1042.0,1571,-244.0,2015,322.0,421,1669.0,-729,-193.0,-430,326.0,161,94.0,-74,-1329.0,1334,-119.0,-302,-121.0,-484,-122.0,184,-43.0,-747,-134.0,-293,1241.0,741,1465.0,388,148.0,-328,-552.0,-980,934.0,102,-228.0,39,-151.0,-1208,1234.0,266,501.0,119,24.0,1306,550.0,-12,-164.0,12,995.0,308,-780.0,377,-112.0,-1392,-167.0,-90,1605.0,-206,-157.0,-473,553.0,-807,2055.0,-283,1452.0,582,-167.0,92,-424.0,-363,569.0,-352,643.0,2632,-1449.0,364,222.0,161,-60.0,50,-274.0,-43,1112.0,-908,-748.0,536,-911.0,374,-3.0,63,-71.0,-26,-721.0,41,64.0,737,606.0,58,-114.0,538,225.0,370,918.0,-817,79.0,-160,-805.0,938,-407.0,1151,191.0,-274,-463.0,1004,960.0,36,-318.0,39,-60.0,-205,-22.0,-1947,2166.0,-166,2242.0,-351,-271.0,286,195.0,-545,-156.0,475,-9.0,-785,-139.0,1693,-529.0,-745,33.0,33,-70.0
1071,-981.0,1283,1243.0,969,760.0,1133,586.0,-2261,-788.0,-550,1363.0,-1191,-321.0,-496,-971.0,1292,-676.0,-677,832.0,-372,509.0,-264,10.0,506,-3744.0,-1137,753.0,844,233.0,-2726,315.0,-1300,711.0,-180,-1464.0,179,-895.0,696,-2188.0,-895,-2101.0,2316,233.0,-139,497.0,164,479.0,-25,531.0,76,55.0,-1392,-621.0,666,-162.0,2454,-1369.0,1329,-436.0,2585,1124.0,931,3236.0,-1227,1120.0,-2117,478.0,1437,433.0,-90,-738.0,2890,-896.0,-1072,-1942.0,115,756.0,2276,-808.0,-518,772.0,526,833.0,301,952.0,508,94.0,-885,-1674.0,-2378,1881.0,31,-358.0,-616,599.0,-741,1367.0,472,365.0,1764,-224.0,2835,641.0,1488,240.0,-148,1880.0,170,-570.0,-902,49.0,-199,13.0,227,1468.0,-516,901.0,-226,270.0,-140,1593.0,-428,1460.0,1096,-843.0,-108,-245.0,-677,-965.0,-592,1181.0,2282,-1365.0,170,45.0,-129,-285.0,931,-619.0,899,3052.0,-1681,-954.0,1543,-170.0,262,-449.0,-134,-96.0,-283,-703.0,-629,334.0,678,2216.0,11,265.0,333,368.0,157,298.0,-1818,640.0,1233,-1834.0,1009,-1418.0,533,-739.0,-233,-97.0,754,554.0,-432,-330.0,-366,-145.0,-1069,1008.0,-3315,2616.0,-3,3948.0,37,-604.0,-212,298.0,-1163,-171.0,813,-37.0,-973,832.0,1082,-987.0,-317,627.0,-186,-1903.0
2736,-1040.0,1380,1530.0,451,-298.0,273,-312.0,-1091,-151.0,-303,1307.0,-1302,36.0,238,-918.0,370,-512.0,-225,-39.0,-138,489.0,-135,-682.0,493,-2922.0,-464,991.0,1208,732.0,-3061,158.0,-2751,-36.0,-718,-1146.0,298,-338.0,15,-1353.0,-974,-2152.0,2418,959.0,103,-429.0,-220,106.0,-122,497.0,19,347.0,-1787,97.0,1153,864.0,1489,-1270.0,284,-337.0,1934,742.0,759,3098.0,-1292,1760.0,-2587,581.0,1646,235.0,-11,-133.0,2568,-1219.0,-1183,-2620.0,1517,2128.0,3002,-1320.0,62,1118.0,560,663.0,532,-209.0,283,-40.0,-1280,-2358.0,-2149,1722.0,-153,-54.0,-636,1507.0,-230,418.0,126,34.0,3093,-324.0,2722,517.0,2418,386.0,54,1585.0,252,244.0,-962,494.0,474,135.0,-165,842.0,-273,1310.0,-215,-343.0,116,251.0,-655,584.0,847,-656.0,118,209.0,-848,-1902.0,39,840.0,415,-775.0,-98,40.0,-214,-174.0,1377,-959.0,733,2437.0,-715,16.0,2334,315.0,68,-399.0,-104,-25.0,-286,44.0,-700,587.0,225,2266.0,83,347.0,-61,549.0,-418,-351.0,-1913,1220.0,1791,-1356.0,614,-1234.0,437,-650.0,89,56.0,-270,551.0,-423,-250.0,-502,-21.0,-948,942.0,-2333,1364.0,326,3231.0,-58,-872.0,-564,564.0,-1206,286.0,589,61.0,-1207,1101.0,189,-570.0,560,307.0,-349,-3980.0
2523,-1241.0,830,785.0,266,-1442.0,-290,-587.0,57,667.0,689,756.0,-1165,104.0,714,-550.0,-1195,-855.0,727,-1009.0,-144,-370.0,-180,-1348.0,21,-1297.0,374,359.0,310,541.0,-791,383.0,-2340,-706.0,-767,-990.0,621,98.0,-1087,-727.0,183,-685.0,1231,707.0,-208,-484.0,-269,250.0,-223,216.0,180,357.0,-1405,655.0,910,871.0,499,-1005.0,-536,292.0,920,103.0,415,933.0,-169,1563.0,-811,721.0,541,37.0,495,49.0,1207,-441.0,-479,-1893.0,1986,1592.0,1622,-1378.0,554,934.0,-169,683.0,566,-662.0,-239,-56.0,-1065,-1808.0,-317,853.0,-158,312.0,-32,1542.0,140,-806.0,-388,-95.0,2214,-605.0,919,383.0,1425,-202.0,183,533.0,414,1125.0,-364,1093.0,296,76.0,-945,-244.0,176,1007.0,-81,-890.0,42,-818.0,-323,-345.0,95,45.0,592,423.0,-703,-1733.0,564,470.0,-542,-850.0,-355,96.0,-84,367.0,1027,-950.0,-212,200.0,389,1239.0,1543,-227.0,-23,30.0,101,190.0,72,961.0,-198,331.0,-423,676.0,37,45.0,-374,440.0,-1019,-510.0,-1135,1216.0,1220,204.0,370,-414.0,322,-11.0,300,-3.0,-1115,767.0,34,-230.0,-125,88.0,20,152.0,-620,-64.0,646,665.0,-342,-481.0,-382,588.0,-545,517.0,187,32.0,-1374,414.0,-597,96.0,768,-388.0,-2,-3280.0
1004,-1319.0,471,294.0,818,-1676.0,76,270.0,-167,1131.0,1705,-233.0,-1174,-42.0,788,-165.0,-1946,-1538.0,1391,-972.0,138,-1019.0,57,-1655.0,-281,-647.0,1044,-254.0,-274,-45.0,1031,911.0,-478,-657.0,-251,-838.0,652,112.0,-1000,-897.0,1170,1171.0,346,-27.0,-681,-345.0,-223,490.0,-326,-223.0,361,186.0,-948,501.0,513,477.0,388,-933.0,-1018,807.0,152,-206.0,550,-614.0,837,1074.0,697,1039.0,-589,-222.0,1309,123.0,789,297.0,358,-1047.0,893,-61.0,-133,-1079.0,618,609.0,-904,357.0,-245,-416.0,-622,-139.0,-707,-699.0,814,455.0,15,552.0,662,1247.0,594,-1506.0,-667,-186.0,607,-748.0,-460,-387.0,348,-1055.0,157,-102.0,188,1674.0,-188,1321.0,-177,-419.0,-1253,-1262.0,536,824.0,141,-1172.0,178,-1308.0,256,-863.0,-822,796.0,858,382.0,-515,-999.0,558,383.0,-297,-1036.0,-582,119.0,34,702.0,362,-664.0,-335,-1205.0,419,1632.0,435,-931.0,-31,615.0,226,404.0,194,1461.0,255,-20.0,-88,-576.0,51,-334.0,-361,341.0,-1199,-506.0,-327,1020.0,447,649.0,141,555.0,-81,533.0,389,-71.0,-1444,816.0,609,-333.0,387,257.0,965,-282.0,581,137.0,1133,-851.0,-431,145.0,-170,353.0,-100,633.0,-301,63.0,-759,-774.0,-1274,114.0,539,-929.0,94,-789.0
624,-1255.0,708,374.0,1147,-1025.0,487,974.0,-839,862.0,2326,-1012.0,-1147,122.0,604,86.0,-1131,-1390.0,1089,-443.0,828,-801.0,472,-1685.0,-522,-1086.0,1127,-329.0,87,-349.0,525,1080.0,604,-74.0,187,-171.0,560,-6.0,-281,-1078.0,968,1835.0,279,-585.0,-868,-610.0,-334,426.0,-143,-396.0,314,149.0,-519,-23.0,538,-247.0,229,-1025.0,-1036,718.0,118,-366.0,975,-574.0,545,994.0,453,896.0,-1084,-474.0,1296,-119.0,800,318.0,364,-672.0,35,-988.0,-574,-1087.0,764,427.0,-823,-278.0,-1212,-194.0,-602,-133.0,-706,48.0,660,175.0,266,556.0,709,868.0,1052,-1553.0,-557,-218.0,2,-389.0,-270,-1147.0,456,-1452.0,77,-1.0,-276,1453.0,-155,1096.0,-424,-1021.0,-541,-1393.0,710,880.0,410,-764.0,430,-1249.0,472,-994.0,-1245,814.0,473,175.0,-395,-491.0,642,533.0,95,-997.0,-492,8.0,-80,622.0,120,-457.0,320,-762.0,-241,1283.0,310,-1086.0,-148,679.0,105,235.0,275,839.0,251,-26.0,572,-500.0,50,-381.0,-44,594.0,-990,-388.0,-279,1055.0,-65,-180.0,-65,820.0,-349,707.0,266,-25.0,-1192,657.0,785,-370.0,467,259.0,810,-91.0,944,1312.0,1604,-678.0,-403,331.0,-120,133.0,-325,658.0,-524,-32.0,233,-1197.0,-1443,-262.0,351,-1104.0,-369,433.0
911,-895.0,1063,229.0,603,-498.0,408,591.0,-500,321.0,1871,-667.0,-563,540.0,594,-1.0,-163,-540.0,36,-234.0,998,44.0,348,-1168.0,-435,-1242.0,844,-283.0,655,-255.0,-819,1032.0,167,311.0,262,691.0,413,-36.0,45,-503.0,585,1350.0,98,-1031.0,-555,-901.0,-282,347.0,3,-221.0,237,144.0,-190,220.0,881,-399.0,-421,-858.0,-591,296.0,312,-580.0,867,-10.0,-100,985.0,-101,768.0,-884,-421.0,1169,-246.0,294,-475.0,7,-476.0,139,-487.0,-443,-895.0,983,3.0,-616,-514.0,-1474,100.0,-134,9.0,-807,232.0,266,138.0,218,240.0,517,743.0,620,-1211.0,-307,-181.0,252,-21.0,205,-1447.0,916,-1291.0,89,54.0,-199,804.0,132,673.0,-473,-1188.0,40,-750.0,599,640.0,191,-141.0,31,-812.0,15,-870.0,-710,461.0,-23,-72.0,-357,-103.0,753,577.0,-246,-410.0,-333,61.0,4,397.0,314,-420.0,850,35.0,-430,724.0,937,-874.0,-151,416.0,81,46.0,386,229.0,100,178.0,940,-183.0,45,-166.0,132,850.0,-417,207.0,-416,1115.0,-568,-1050.0,-142,716.0,-233,861.0,228,2.0,-336,591.0,554,-274.0,207,28.0,284,117.0,837,1530.0,1288,-190.0,-359,131.0,-54,65.0,-410,825.0,-451,5.0,689,-659.0,-719,-250.0,304,-1138.0,-887,-26.0
631,-628.0,727,-444.0,-344,-433.0,-29,-359.0,450,-261.0,591,299.0,216,1077.0,473,-241.0,40,305.0,-708,-477.0,866,494.0,-145,-480.0,-443,-454.0,272,-436.0,612,-377.0,-1035,733.0,-351,548.0,3,1662.0,108,-193.0,-484,499.0,464,514.0,-229,-1172.0,-626,-432.0,-32,473.0,-64,-14.0,290,256.0,-69,729.0,694,-484.0,-1262,-615.0,-61,363.0,314,-744.0,380,-97.0,-136,394.0,-61,575.0,-574,122.0,893,-372.0,-490,-1142.0,-116,198.0,584,-65.0,-588,-714.0,1151,-574.0,-780,-199.0,-1080,336.0,122,325.0,-755,411.0,460,126.0,201,37.0,474,451.0,-523,-758.0,-331,-61.0,469,-214.0,-165,-906.0,453,-859.0,116,-267.0,226,133.0,670,422.0,-576,-624.0,-86,-55.0,418,184.0,-612,-3.0,-765,-306.0,-448,-696.0,-176,265.0,-163,-178.0,-363,328.0,924,153.0,-845,128.0,-184,307.0,113,426.0,560,-531.0,773,46.0,129,450.0,794,-625.0,-42,217.0,153,-63.0,608,-167.0,180,198.0,673,-379.0,169,-119.0,78,1141.0,-336,810.0,-17,769.0,-997,-724.0,-4,672.0,115,759.0,261,-91.0,478,662.0,396,-383.0,113,-157.0,9,-291.0,708,596.0,391,-352.0,-467,56.0,138,163.0,120,663.0,-255,171.0,288,-41.0,241,247.0,117,-916.0,-842,-233.0
-274,-393.0,51,-1165.0,-834,-217.0,-441,-980.0,1142,-415.0,-602,706.0,838,1558.0,46,-618.0,-197,860.0,-1090,-785.0,193,312.0,-639,261.0,-579,768.0,-290,-1071.0,-272,-387.0,-165,524.0,-17,528.0,-381,2210.0,-350,-676.0,-1208,1143.0,361,-114.0,-639,-1264.0,-673,410.0,519,838.0,-341,149.0,225,190.0,275,1000.0,17,-811.0,-1806,-342.0,355,967.0,65,-900.0,-179,-756.0,526,-580.0,266,10.0,-580,874.0,443,-634.0,-1222,-891.0,361,1048.0,730,-334.0,-1097,-455.0,988,-1286.0,-1205,386.0,-662,608.0,266,612.0,-191,763.0,825,-68.0,345,54.0,452,-37.0,-1363,-470.0,-343,26.0,-157,-644.0,-894,-349.0,-423,-656.0,-62,-729.0,301,-395.0,1037,219.0,-783,2.0,-917,530.0,631,-660.0,-989,207.0,-1655,458.0,-806,-233.0,309,501.0,-159,-194.0,-213,948.0,683,-218.0,-1069,449.0,3,455.0,95,444.0,484,-296.0,218,-794.0,845,416.0,20,-710.0,71,81.0,258,-111.0,807,-45.0,340,69.0,54,-746.0,261,-252.0,141,1395.0,-325,782.0,690,-3.0,-1600,216.0,154,434.0,637,847.0,163,-214.0,943,913.0,322,-591.0,276,-240.0,197,-963.0,926,-409.0,-291,-955.0,-297,197.0,371,220.0,977,512.0,10,259.0,-453,1.0,997,927.0,-280,-379.0,-582,532.0
-1022,-201.0,-474,-1715.0,-830,530.0,-637,-958.0,1110,-404.0,-896,247.0,654,1723.0,-342,-1249.0,-536,1417.0,-1264,-963.0,-282,226.0,-956,980.0,-954,1214.0,-851,-1841.0,-1153,-453.0,879,654.0,1155,863.0,-710,1689.0,-735,-1053.0,-1267,1154.0,263,-470.0,-776,-1391.0,-1075,1472.0,981,1213.0,-506,216.0,277,-48.0,567,1131.0,-769,-1052.0,-1634,-194.0,575,1254.0,-119,-988.0,-362,-1150.0,1291,-1370.0,944,-219.0,-604,1566.0,118,-954.0,-1425,-364.0,807,1587.0,68,-719.0,-1617,-164.0,643,-1397.0,-1375,965.0,-526,1134.0,194,744.0,187,1501.0,1193,-111.0,355,-42.0,694,-597.0,-1812,46.0,-393,335.0,-897,-1035.0,-1426,-174.0,-1026,-685.0,-19,-1074.0,314,-799.0,1250,56.0,-742,291.0,-1798,931.0,941,-1339.0,-1430,245.0,-2084,985.0,-973,389.0,629,639.0,3,-370.0,-135,1403.0,400,-636.0,-855,115.0,6,578.0,184,288.0,-355,225.0,-391,-1600.0,1082,583.0,-772,-1278.0,258,192.0,453,-131.0,1131,15.0,537,-81.0,-254,-1462.0,285,-448.0,378,1502.0,-46,603.0,1387,-601.0,-2065,938.0,610,535.0,1172,961.0,63,-264.0,1212,1288.0,228,-706.0,462,-262.0,-123,-1417.0,932,-561.0,-566,-1223.0,-45,401.0,576,265.0,1633,380.0,253,361.0,-1163,-16.0,1601,1243.0,-1011,-239.0,-599,1821.0
-1241,-209.0,-360,-1328.0,-478,959.0,-453,-572.0,638,-320.0,-375,-224.0,9,1114.0,-200,-1723.0,-834,1656.0,-1004,-1023.0,-705,-33.0,-1376,1215.0,-1054,845.0,-583,-2082.0,-1509,-675.0,1255,1057.0,2103,1122.0,-547,636.0,-774,-1273.0,-439,598.0,432,-657.0,-478,-1259.0,-1068,2017.0,1064,1297.0,-607,215.0,410,-186.0,179,848.0,-847,-1194.0,-733,-51.0,676,1216.0,-110,-945.0,-33,-988.0,1663,-1419.0,1177,56.0,-597,1782.0,-96,-890.0,-996,-30.0,426,1457.0,-535,-1120.0,-1409,-176.0,233,-832.0,-1354,1053.0,-637,1589.0,-100,535.0,297,1584.0,1230,89.0,385,-191.0,958,-809.0,-1637,334.0,-288,558.0,-1318,-932.0,-1379,-321.0,-708,-588.0,268,-663.0,188,-797.0,1318,-53.0,-497,-93.0,-1742,742.0,884,-1361.0,-1287,121.0,-1880,995.0,-1045,388.0,792,726.0,-3,-581.0,-224,1151.0,315,-529.0,-373,-173.0,-163,479.0,397,208.0,-1236,448.0,-671,-1628.0,575,452.0,-816,-1903.0,428,306.0,597,-171.0,1374,-5.0,596,-246.0,-160,-1554.0,177,-473.0,301,1145.0,152,748.0,1447,-543.0,-1630,689.0,1008,537.0,1185,1222.0,57,-232.0,830,1237.0,184,-910.0,527,-199.0,-540,-1161.0,689,-283.0,-341,-1142.0,-44,374.0,563,207.0,1549,460.0,384,404.0,-1601,150.0,1802,1048.0,-1917,-318.0,-843,2203.0
-948,-617.0,-146,-236.0,118,609.0,-126,-124.0,-13,-272.0,342,-99.0,-206,-55.0,68,-1116.0,-848,1095.0,-212,-922.0,-969,-323.0,-1177,574.0,-756,303.0,-38,-1339.0,-799,-510.0,918,1101.0,1907,1200.0,-89,-134.0,-354,-1119.0,532,97.0,549,-310.0,-41,-505.0,-758,1692.0,508,810.0,-445,22.0,410,-117.0,-229,364.0,-144,-785.0,269,240.0,442,787.0,-152,-616.0,387,-134.0,1398,-723.0,924,386.0,-414,1363.0,-254,-383.0,-218,180.0,-132,794.0,-538,-1197.0,-731,-218.0,-93,-372.0,-1024,521.0,-573,1422.0,-369,223.0,-58,956.0,633,256.0,341,-245.0,853,-675.0,-1003,-25.0,-329,536.0,-755,-630.0,-1068,-419.0,-97,-110.0,549,-97.0,177,-613.0,806,-280.0,-42,-320.0,-878,-14.0,422,-639.0,-943,81.0,-1085,475.0,-591,-74.0,432,703.0,141,-466.0,-140,358.0,162,-109.0,-36,-48.0,-310,225.0,384,14.0,-1490,28.0,-467,-1061.0,53,34.0,-261,-1629.0,400,407.0,484,-98.0,1004,90.0,373,-61.0,100,-884.0,178,-390.0,61,435.0,160,896.0,591,-6.0,-500,342.0,887,553.0,519,899.0,256,-110.0,26,771.0,319,-818.0,461,-110.0,-559,-826.0,473,86.0,32,-845.0,-198,267.0,439,115.0,738,488.0,239,452.0,-1239,90.0,1130,611.0,-1961,-528.0,-882,1307.0
-421,-649.0,-493,673.0,722,168.0,200,237.0,-526,-205.0,695,312.0,95,-900.0,109,-352.0,-298,245.0,463,-360.0,-887,-372.0,-323,-266.0,-16,94.0,277,-530.0,59,-258.0,292,505.0,909,733.0,234,-438.0,298,-699.0,765,-247.0,404,-223.0,51,385.0,-554,651.0,-38,68.0,-205,-94.0,263,-20.0,-455,-97.0,634,-453.0,742,379.0,138,142.0,-262,-346.0,256,561.0,498,-35.0,434,272.0,-61,553.0,-561,40.0,260,437.0,-151,133.0,-24,-680.0,-65,-83.0,-531,-186.0,-292,-120.0,-222,691.0,-383,9.0,-139,-65.0,84,30.0,254,-178.0,342,-342.0,-237,-280.0,-104,239.0,-8,-292.0,-710,-158.0,128,526.0,356,245.0,38,-371.0,60,-563.0,354,-22.0,195,-513.0,-52,63.0,-229,179.0,-34,188.0,-118,-443.0,-166,402.0,274,-219.0,354,-139.0,-147,109.0,75,270.0,-379,-38.0,145,-56.0,-735,-397.0,-269,-189.0,-142,-510.0,329,-630.0,94,219.0,212,-73.0,360,81.0,90,63.0,244,-171.0,175,-208.0,-134,-193.0,-78,437.0,-435,188.0,384,350.0,250,470.0,-170,318.0,276,-21.0,-421,94.0,318,-455.0,99,-7.0,-136,-622.0,202,-150.0,25,-360.0,-296,117.0,175,-34.0,-114,140.0,27,287.0,-255,-76.0,247,40.0,-1012,-514.0,-470,-387.0
-49,136.0,-790,825.0,753,-13.0,426,330.0,-762,-236.0,754,668.0,347,-1002.0,-170,471.0,256,-514.0,882,311.0,-530,-109.0,669,-455.0,403,-5.0,158,226.0,661,356.0,-173,-403.0,372,254.0,-107,-632.0,327,66.0,199,-444.0,-166,-185.0,-141,491.0,-272,-201.0,-296,-353.0,121,-54.0,33,-35.0,-321,-367.0,688,180.0,634,129.0,246,-103.0,10,-33.0,-411,670.0,-246,43.0,-27,-113.0,216,99.0,-683,384.0,313,573.0,141,-307.0,14,-57.0,340,364.0,-469,-209.0,437,-698.0,494,-147.0,-87,40.0,135,-535.0,-199,-311.0,183,9.0,-398,-234.0,424,-127.0,97,64.0,416,249.0,-280,395.0,-115,751.0,-16,238.0,-173,-281.0,-556,-331.0,178,302.0,845,-384.0,-261,521.0,146,77.0,692,158.0,289,-312.0,-658,-131.0,44,55.0,851,-25.0,-273,-47.0,-68,234.0,-209,-136.0,-67,-219.0,201,-524.0,-95,418.0,-296,-759.0,313,330.0,-162,-77.0,-16,25.0,-174,-439.0,-214,88.0,175,391.0,177,-9.0,-350,-592.0,-125,-328.0,-573,-121.0,457,549.0,-259,113.0,-569,-218.0,169,-32.0,-379,-494.0,45,4.0,-84,-11.0,116,-163.0,36,-255.0,-179,-24.0,-196,35.0,2,-193.0,-532,-368.0,-41,38.0,718,346.0,-521,-488.0,69,-133.0,279,-1277.0
-15,1001.0,-525,404.0,196,-104.0,574,-6.0,-563,-206.0,740,876.0,33,-413.0,-84,630.0,3,-736.0,1083,658.0,15,181.0,950,-248.0,135,-382.0,369,512.0,729,654.0,-361,-770.0,212,-399.0,-676,-417.0,92,620.0,-557,-975.0,-657,-109.0,219,103.0,-115,-596.0,-586,-250.0,221,45.0,-113,-6.0,-287,-304.0,153,420.0,135,-474.0,392,-49.0,657,130.0,-519,239.0,-448,95.0,-251,-82.0,-43,51.0,-329,399.0,146,144.0,67,-317.0,-245,329.0,473,592.0,229,-22.0,670,-859.0,589,-630.0,68,113.0,201,-454.0,92,-295.0,-4,37.0,-720,-211.0,430,148.0,152,-26.0,379,618.0,-15,539.0,-178,498.0,-26,224.0,-46,100.0,-639,373.0,-116,-171.0,676,-198.0,-175,834.0,229,-73.0,668,-155.0,134,-491.0,-573,-254.0,-239,-112.0,417,234.0,164,-190.0,-378,-159.0,-144,-166.0,-138,-210.0,645,-459.0,397,444.0,-500,-321.0,100,722.0,-224,-197.0,1,94.0,-132,-358.0,-249,151.0,228,518.0,211,202.0,-823,-610.0,54,-590.0,-241,-243.0,161,242.0,-376,-66.0,-655,-232.0,57,-81.0,-152,-437.0,-281,277.0,-155,17.0,-146,166.0,101,149.0,-46,233.0,73,17.0,-165,-220.0,-445,-440.0,-28,-102.0,1207,644.0,-629,-411.0,654,-3.0,535,-959.0
-275,722.0,443,-167.0,-346,-477.0,457,-341.0,-22,-136.0,866,900.0,-494,204.0,435,361.0,-590,-586.0,998,229.0,390,-81.0,390,-242.0,-401,-631.0,869,136.0,799,195.0,-433,-134.0,8,-432.0,-1022,104.0,47,656.0,-961,-1398.0,-453,244.0,705,-507.0,-375,-594.0,-963,216.0,134,-137.0,-85,142.0,-305,99.0,52,405.0,-339,-878.0,250,419.0,1041,-61.0,32,-168.0,53,464.0,-244,244.0,-726,-82.0,431,409.0,-19,-824.0,-497,-25.0,-112,178.0,376,259.0,930,-45.0,356,-698.0,-109,-774.0,-94,258.0,-65,-115.0,426,128.0,64,181.0,-205,77.0,-76,-62.0,10,-237.0,457,645.0,175,-103.0,292,-13.0,233,294.0,241,721.0,-193,676.0,-383,-887.0,-9,-160.0,16,904.0,-41,-357.0,116,-609.0,-91,-954.0,-685,-87.0,-363,-236.0,-474,204.0,658,-98.0,-795,-404.0,-278,-138.0,-99,51.0,594,-486.0,858,113.0,-569,291.0,177,339.0,-207,-67.0,182,221.0,254,237.0,-110,262.0,463,420.0,277,314.0,-1157,-288.0,-94,-107.0,-39,188.0,-168,-361.0,-286,104.0,-735,222.0,118,-90.0,-286,236.0,-226,347.0,-138,109.0,-234,118.0,187,765.0,442,107.0,162,-55.0,-249,33.0,-122,16.0,-191,-8.0,951,397.0,-355,386.0,592,-280.0,193,-447.0
-502,-268.0,1148,-470.0,-613,-731.0,164,-419.0,443,-207.0,939,467.0,-818,440.0,849,-204.0,-958,-191.0,552,-330.0,324,-582.0,-125,-483.0,-974,-686.0,1210,-182.0,488,-222.0,-229,682.0,-262,91.0,-1164,579.0,277,107.0,-1070,-1129.0,10,549.0,834,-839.0,-556,-378.0,-917,597.0,-179,-288.0,84,272.0,-515,495.0,462,16.0,-868,-918.0,-76,931.0,1128,-336.0,645,-333.0,399,729.0,-170,337.0,-1008,-341.0,985,301.0,-58,-1358.0,-957,113.0,482,-8.0,154,-428.0,1135,-139.0,-355,-298.0,-722,-686.0,-319,316.0,-246,72.0,437,601.0,146,311.0,453,255.0,-444,-731.0,-296,-279.0,480,318.0,-94,-663.0,715,-494.0,569,167.0,544,861.0,360,740.0,-407,-921.0,-717,-177.0,381,646.0,-153,-371.0,-427,-1038.0,-291,-1243.0,-493,324.0,5,-187.0,-1010,121.0,828,194.0,-1110,-681.0,-340,-64.0,-123,315.0,332,-577.0,960,-362.0,-599,765.0,367,-353.0,-160,173.0,267,179.0,695,1115.0,51,327.0,445,136.0,327,182.0,-988,161.0,-397,407.0,116,522.0,-246,-791.0,-80,222.0,-796,531.0,260,-88.0,-478,930.0,281,229.0,-108,188.0,153,-416.0,371,1164.0,991,-298.0,-130,-84.0,-137,333.0,31,588.0,-355,180.0,321,-324.0,-166,1021.0,145,-582.0,-594,-30.0
-533,-988.0,1084,-619.0,-640,-719.0,-5,-491.0,619,25.0,600,70.0,-867,712.0,1045,-752.0,-839,297.0,53,-674.0,330,-1042.0,-565,-604.0,-1206,-566.0,1018,-461.0,393,-515.0,-19,1184.0,-271,656.0,-1327,723.0,467,-520.0,-1351,-621.0,358,614.0,354,-911.0,-621,-82.0,-486,836.0,-393,-333.0,289,232.0,-828,847.0,650,-334.0,-1054,-958.0,-329,1017.0,1184,-638.0,1108,-301.0,616,719.0,76,507.0,-668,-318.0,1132,74.0,179,-1416.0,-1171,341.0,885,-7.0,-223,-1075.0,1126,-533.0,-708,-107.0,-910,-333.0,-473,312.0,-594,261.0,573,802.0,186,363.0,1162,390.0,-529,-1107.0,-505,-283.0,240,-132.0,-402,-920.0,760,-992.0,883,52.0,702,511.0,653,751.0,-487,-659.0,-1202,-174.0,809,22.0,-407,-369.0,-679,-968.0,-346,-839.0,-420,655.0,495,-33.0,-953,268.0,800,259.0,-1312,-857.0,-381,99.0,-78,455.0,5,-544.0,604,-899.0,-651,926.0,591,-1025.0,-130,334.0,288,191.0,623,1376.0,238,358.0,393,-364.0,348,16.0,-671,717.0,-613,664.0,309,720.0,-224,-838.0,73,417.0,-659,706.0,306,-119.0,-663,1245.0,551,17.0,25,216.0,519,-919.0,586,1063.0,1178,-665.0,-415,-57.0,-19,482.0,120,1011.0,-397,345.0,-145,-983.0,-96,1130.0,-411,-714.0,-1093,-30.0
-403,-1005.0,945,-593.0,-680,-521.0,-161,-785.0,735,653.0,172,-185.0,-720,1055.0,1119,-1031.0,-821,520.0,-327,-714.0,443,-922.0,-851,-361.0,-950,-497.0,816,-739.0,418,-833.0,144,1139.0,-3,846.0,-1343,637.0,428,-852.0,-1663,-291.0,531,501.0,144,-1023.0,-572,-37.0,-116,1125.0,-407,-262.0,392,217.0,-1039,926.0,609,-638.0,-904,-1082.0,-564,1044.0,1383,-850.0,1315,-328.0,849,582.0,409,829.0,-520,-94.0,1101,-117.0,239,-1276.0,-1086,590.0,901,-86.0,-649,-1148.0,916,-711.0,-910,-130.0,-963,201.0,-362,313.0,-811,191.0,833,868.0,225,257.0,1246,402.0,-626,-1021.0,-578,-163.0,-221,-733.0,-630,-944.0,535,-1384.0,952,82.0,812,349.0,637,972.0,-601,-559.0,-1402,-284.0,1249,-499.0,-544,-438.0,-838,-746.0,-589,-543.0,-391,674.0,757,5.0,-860,466.0,897,224.0,-1304,-839.0,-301,235.0,-43,480.0,-357,-368.0,607,-1013.0,-719,961.0,743,-1442.0,-140,345.0,311,165.0,621,1160.0,408,349.0,500,-821.0,453,-116.0,-483,1199.0,-817,1028.0,444,452.0,-429,-914.0,153,691.0,-329,919.0,296,-43.0,-500,1081.0,550,-236.0,228,82.0,643,-877.0,677,885.0,1167,-891.0,-497,56.0,66,393.0,143,1315.0,-302,292.0,-381,-1197.0,124,1045.0,-767,-641.0,-1190,-146.0
-114,-920.0,867,-510.0,-967,-286.0,-114,-1270.0,618,961.0,30,-242.0,-482,1251.0,869,-949.0,-838,279.0,-556,-601.0,575,-720.0,-1214,-225.0,-615,-490.0,795,-862.0,258,-752.0,279,1139.0,58,897.0,-1081,616.0,424,-935.0,-1474,-344.0,579,504.0,91,-934.0,-434,219.0,-22,1234.0,-395,-271.0,382,176.0,-1063,906.0,475,-801.0,-661,-867.0,-712,998.0,1155,-786.0,1135,-342.0,1149,648.0,437,971.0,-996,54.0,995,-393.0,147,-960.0,-934,665.0,774,-230.0,-837,-903.0,796,-602.0,-907,-257.0,-1149,597.0,-243,371.0,-1153,308.0,938,655.0,297,147.0,1153,246.0,-860,-742.0,-640,6.0,-545,-1263.0,-676,-1071.0,193,-1403.0,849,113.0,709,406.0,451,996.0,-681,-582.0,-1213,-312.0,1604,-676.0,-750,-391.0,-895,-529.0,-707,-546.0,-412,875.0,688,10.0,-910,421.0,982,125.0,-1026,-378.0,-293,286.0,39,461.0,-857,-452.0,863,-1091.0,-440,1061.0,829,-1533.0,-76,419.0,424,111.0,732,888.0,435,317.0,777,-975.0,623,-101.0,-231,1174.0,-716,1213.0,656,455.0,-623,-917.0,218,1135.0,-89,916.0,155,-128.0,-162,915.0,536,-409.0,419,45.0,401,-648.0,891,830.0,995,-984.0,-452,130.0,148,361.0,242,1463.0,-222,263.0,-281,-1238.0,398,1073.0,-776,-629.0,-1112,-183.0
84,-878.0,913,-508.0,-1057,-79.0,74,-1202.0,279,513.0,3,-260.0,-163,1054.0,630,-849.0,-662,50.0,-763,-440.0,496,-632.0,-1478,-519.0,-204,-318.0,678,-966.0,6,-841.0,331,1006.0,108,927.0,-600,599.0,370,-848.0,-764,-221.0,566,277.0,130,-939.0,-564,306.0,-80,890.0,-395,-322.0,378,176.0,-850,849.0,379,-1118.0,-368,-180.0,-634,844.0,447,-459.0,614,-464.0,1102,532.0,358,724.0,-1334,245.0,815,-577.0,-41,-928.0,-595,912.0,739,-567.0,-940,-569.0,426,-340.0,-673,-121.0,-1029,791.0,-246,298.0,-956,519.0,861,432.0,335,158.0,1142,299.0,-786,-582.0,-521,147.0,-275,-1493.0,-428,-1023.0,-179,-1237.0,606,30.0,546,308.0,342,544.0,-657,-398.0,-961,-261.0,1550,-631.0,-706,-222.0,-669,-57.0,-822,-799.0,-280,945.0,655,-54.0,-832,212.0,546,-198.0,-485,235.0,-252,274.0,136,423.0,-860,-477.0,805,-988.0,-137,789.0,586,-1423.0,-56,449.0,387,51.0,716,536.0,327,176.0,978,-870.0,584,-47.0,-84,931.0,-608,1277.0,753,567.0,-825,-584.0,315,1269.0,61,725.0,279,-128.0,130,753.0,563,-461.0,491,5.0,336,-696.0,595,249.0,558,-777.0,-393,68.0,119,356.0,170,1219.0,-144,264.0,-240,-1049.0,439,1197.0,-456,-663.0,-1122,-99.0
7,-776.0,762,-547.0,-612,-2.0,229,-788.0,107,-357.0,-302,-109.0,-50,462.0,440,-403.0,-312,-60.0,-819,-377.0,112,-648.0,-1232,-560.0,46,6.0,309,-785.0,-292,-749.0,287,742.0,58,975.0,-94,356.0,301,-587.0,-84,-124.0,470,-154.0,-35,-744.0,-585,474.0,22,492.0,-309,-222.0,349,183.0,-488,459.0,180,-1036.0,-106,245.0,-376,565.0,-167,92.0,145,-466.0,790,127.0,138,197.0,-1011,297.0,361,-279.0,-180,-640.0,-118,787.0,662,-958.0,-730,-333.0,90,-69.0,-505,33.0,-454,702.0,-317,86.0,-439,421.0,315,115.0,344,165.0,1062,99.0,-502,-323.0,-223,203.0,54,-1049.0,-52,-713.0,-483,-935.0,123,-46.0,259,34.0,330,79.0,-433,-87.0,-554,-126.0,1035,-332.0,-71,7.0,-286,416.0,-498,-511.0,-151,690.0,404,-44.0,-503,219.0,49,-270.0,-79,569.0,-118,178.0,73,381.0,-517,-412.0,505,-464.0,-59,175.0,54,-891.0,-78,295.0,199,89.0,653,-65.0,275,78.0,581,-519.0,237,-113.0,-132,603.0,-300,1037.0,485,287.0,-832,-141.0,358,947.0,101,428.0,331,-101.0,218,540.0,364,-393.0,348,88.0,286,-645.0,138,-249.0,115,-588.0,-428,45.0,148,218.0,156,718.0,-154,198.0,-356,-821.0,181,671.0,-137,-419.0,-872,157.0
-155,-482.0,683,-101.0,28,-2.0,341,-282.0,174,-575.0,-633,41.0,160,-91.0,420,129.0,-100,-91.0,-449,-369.0,-3,-441.0,-653,-235.0,145,133.0,-134,-427.0,-290,-379.0,66,122.0,-75,800.0,212,-262.0,82,-354.0,71,-133.0,462,-365.0,-142,-385.0,-340,440.0,-153,59.0,-134,-96.0,197,145.0,-414,238.0,-109,-342.0,160,194.0,-174,198.0,-309,443.0,-146,-170.0,386,-152.0,150,-140.0,-314,140.0,-61,217.0,90,-393.0,139,399.0,281,-480.0,-292,-54.0,-58,217.0,-129,241.0,23,418.0,-157,-4.0,6,114.0,-52,146.0,173,63.0,532,-14.0,-190,17.0,15,101.0,105,-356.0,181,-154.0,-415,-348.0,30,-172.0,91,-11.0,126,-19.0,106,43.0,-142,-144.0,244,27.0,174,126.0,51,325.0,-110,-141.0,-124,220.0,104,-56.0,-263,176.0,-120,72.0,190,453.0,-107,-8.0,-8,300.0,-103,-195.0,-85,9.0,-106,-437.0,-285,-157.0,-115,108.0,91,65.0,347,-197.0,180,28.0,165,-235.0,50,-83.0,-259,118.0,-123,497.0,257,-69.0,-460,4.0,182,432.0,16,126.0,254,5.0,10,275.0,-62,-127.0,70,41.0,196,-300.0,-207,-561.0,-175,-299.0,-178,20.0,93,61.0,-21,196.0,-122,109.0,-483,-533.0,-235,-138.0,-102,-56.0,-529,459.0
-47,-143.0,636,409.0,454,-53.0,295,-36.0,370,23.0,-365,3.0,496,-475.0,123,459.0,-191,-101.0,167,-339.0,109,-182.0,-140,234.0,138,96.0,-278,57.0,21,-93.0,-153,-242.0,-261,347.0,355,-840.0,-110,-187.0,37,-249.0,252,-30.0,-67,130.0,-85,79.0,-181,-235.0,-19,-114.0,117,150.0,-197,-82.0,-111,-11.0,299,-225.0,-264,-142.0,-97,459.0,-416,258.0,-31,-120.0,175,-216.0,254,-119.0,-273,567.0,358,-85.0,347,-175.0,-81,-32.0,204,156.0,-47,415.0,-48,165.0,-32,-59.0,-78,-5.0,54,-196.0,-385,193.0,44,-22.0,-57,14.0,63,-60.0,38,14.0,185,145.0,174,325.0,-109,266.0,18,-109.0,-191,-63.0,-250,169.0,672,-83.0,287,-278.0,-281,288.0,186,33.0,351,-82.0,155,68.0,-77,183.0,32,-62.0,-206,-72.0,-135,353.0,408,238.0,-191,-87.0,-102,219.0,160,-126.0,-298,170.0,-121,-730.0,-301,371.0,-153,-25.0,-4,109.0,-36,-96.0,118,0.0,-86,69.0,99,8.0,-215,-259.0,-118,61.0,210,-111.0,-39,-16.0,-12,264.0,-172,-145.0,129,43.0,-355,-67.0,-300,-16.0,23,115.0,161,-104.0,-202,-406.0,-169,-120.0,-45,56.0,41,-13.0,-118,26.0,-67,141.0,-219,-181.0,-590,-483.0,-6,173.0,-288,311.0
388,-17.0,593,606.0,775,-124.0,329,107.0,278,573.0,314,-69.0,657,-449.0,-165,486.0,-220,-303.0,608,-174.0,363,-92.0,-1,220.0,101,-306.0,-117,417.0,408,146.0,-215,-500.0,-251,-160.0,323,-1077.0,-146,144.0,108,-291.0,-128,236.0,77,497.0,-89,-387.0,-37,-438.0,45,-120.0,-23,81.0,-113,-349.0,95,253.0,489,-485.0,-302,-225.0,57,345.0,-588,503.0,-405,107.0,-46,-244.0,381,-239.0,-411,476.0,458,185.0,263,-388.0,-342,413.0,492,268.0,-102,525.0,138,-179.0,-278,-500.0,-68,-31.0,57,-429.0,-546,235.0,-77,61.0,-353,306.0,326,-342.0,91,-226.0,103,314.0,102,414.0,93,711.0,-62,39.0,-502,66.0,-565,187.0,1014,-103.0,595,-485.0,-418,464.0,330,-241.0,495,-563.0,240,-48.0,-157,71.0,5,140.0,-328,-290.0,-58,346.0,540,-44.0,-273,-137.0,-197,42.0,476,-67.0,-247,310.0,-133,-548.0,-64,522.0,-191,-146.0,-206,93.0,-323,146.0,35,71.0,10,324.0,80,182.0,-8,-335.0,-166,-89.0,-56,-8.0,241,67.0,-212,111.0,-494,-207.0,23,128.0,-523,-276.0,-336,46.0,-38,84.0,186,122.0,-161,-60.0,-119,103.0,33,-9.0,-133,35.0,-297,-47.0,-111,129.0,201,3.0,-954,-492.0,122,-34.0,-197,43.0
851,-9.0,539,684.0,715,-316.0,353,245.0,-108,764.0,557,-65.0,369,-252.0,-51,421.0,-76,-773.0,650,98.0,735,-43.0,-6,-176.0,192,-720.0,426,808.0,651,228.0,-401,-554.0,-28,-581.0,105,-822.0,-172,205.0,274,-426.0,-617,471.0,344,594.0,-72,-858.0,-80,-547.0,101,-127.0,-66,138.0,-168,-285.0,241,412.0,464,-281.0,-271,-281.0,111,299.0,-352,504.0,-596,321.0,-425,-254.0,233,-184.0,-337,249.0,351,358.0,142,-581.0,-558,528.0,737,356.0,-252,648.0,292,-524.0,-150,-599.0,-94,-75.0,216,-485.0,-482,244.0,-244,162.0,-416,563.0,669,-319.0,171,-308.0,114,338.0,114,292.0,97,775.0,-18,218.0,-569,94.0,-729,113.0,943,-82.0,693,-479.0,-404,597.0,446,-409.0,689,-629.0,257,-237.0,-159,89.0,127,278.0,-228,-345.0,-59,218.0,280,-231.0,-161,-167.0,-190,17.0,556,-146.0,-37,353.0,-370,-161.0,102,389.0,-193,-211.0,-292,138.0,-531,406.0,14,176.0,86,435.0,68,304.0,-47,-342.0,-221,-36.0,-131,161.0,393,88.0,-442,85.0,-601,-139.0,22,104.0,-696,-507.0,-130,206.0,-113,66.0,366,285.0,-118,213.0,-59,353.0,-25,-73.0,-167,97.0,-475,17.0,-181,83.0,542,-37.0,-1059,-313.0,372,-258.0,8,-294.0
980,72.0,303,517.0,491,-514.0,333,310.0,-211,426.0,215,114.0,-16,82.0,344,351.0,-106,-869.0,176,137.0,674,8.0,190,-389.0,87,-682.0,552,774.0,520,416.0,-437,-457.0,105,-722.0,-189,-244.0,-28,306.0,278,-328.0,-848,518.0,564,580.0,-81,-1046.0,-419,-353.0,170,-105.0,-116,162.0,-59,-237.0,327,427.0,3,6.0,-184,-165.0,110,46.0,54,505.0,-568,304.0,-575,-159.0,-168,-204.0,99,128.0,58,268.0,-45,-429.0,-345,429.0,628,349.0,-205,388.0,373,-672.0,131,-536.0,-139,-165.0,107,-277.0,-42,188.0,-359,185.0,-430,585.0,888,-147.0,170,-199.0,167,231.0,225,-24.0,60,597.0,-49,169.0,-363,80.0,-342,82.0,499,-175.0,543,-476.0,-446,725.0,461,-329.0,571,-580.0,335,-273.0,-189,-7.0,156,240.0,156,-298.0,75,46.0,-452,-281.0,-138,-201.0,-154,23.0,539,-197.0,37,271.0,-466,215.0,238,313.0,-193,-62.0,-171,106.0,-482,562.0,-41,168.0,133,240.0,73,220.0,7,-258.0,-265,-220.0,-157,137.0,388,6.0,-431,19.0,-479,-45.0,54,149.0,-597,-645.0,113,312.0,-117,127.0,347,314.0,9,27.0,80,350.0,-47,-122.0,-144,130.0,-574,195.0,-219,-76.0,451,-57.0,-678,-318.0,609,-363.0,233,-417.0
669,144.0,27,69.0,42,-460.0,-131,38.0,84,-60.0,-305,299.0,-45,554.0,348,153.0,-208,-276.0,-403,-98.0,362,240.0,228,-212.0,-207,6.0,213,223.0,169,146.0,-83,-105.0,162,-550.0,-230,149.0,59,265.0,-26,-288.0,-518,244.0,304,289.0,83,-713.0,-711,-67.0,107,-29.0,-43,121.0,4,-69.0,225,270.0,-521,132.0,-22,83.0,50,-276.0,285,235.0,-190,139.0,-286,94.0,-283,-74.0,514,-33.0,-116,-57.0,-57,35.0,-1,232.0,132,20.0,-310,-83.0,164,-524.0,227,-413.0,-132,-130.0,18,-44.0,350,3.0,-256,130.0,-302,288.0,525,109.0,107,-66.0,180,170.0,38,-142.0,-2,292.0,-58,6.0,159,147.0,90,56.0,30,-284.0,150,-334.0,-350,456.0,303,-91.0,198,-366.0,-40,-184.0,-169,12.0,101,74.0,401,195.0,273,-17.0,-978,-174.0,-14,-159.0,-32,102.0,356,-97.0,-106,-127.0,13,388.0,281,308.0,-242,-1.0,-93,-22.0,-289,464.0,112,12.0,18,-27.0,91,57.0,201,-55.0,-50,-354.0,4,0.0,-62,-49.0,-234,-57.0,-218,144.0,10,72.0,-162,-489.0,170,277.0,-92,131.0,317,133.0,294,-273.0,108,66.0,-13,-64.0,9,137.0,-307,33.0,-123,-145.0,63,-73.0,4,-131.0,450,-190.0,285,-193.0
-91,-38.0,-132,-252.0,-467,-181.0,-683,-306.0,482,-424.0,-276,306.0,111,714.0,-98,-376.0,-338,552.0,-761,-311.0,-239,152.0,-144,160.0,-142,527.0,-191,-380.0,-170,-141.0,484,297.0,184,-124.0,124,22.0,26,-53.0,-228,-107.0,149,-221.0,-37,-51.0,22,2.0,-317,139.0,-54,23.0,32,11.0,150,120.0,-24,-24.0,-489,105.0,213,285.0,68,-389.0,267,-160.0,395,-109.0,244,272.0,-308,243.0,601,-334.0,-270,-111.0,-135,416.0,192,-6.0,-409,-170.0,-150,-472.0,-261,-156.0,170,134.0,-21,76.0,-75,169.0,552,-252.0,45,21.0,57,-241.0,-119,237.0,-174,54.0,5,-147.0,-382,-132.0,-344,14.0,-41,-264.0,661,99.0,168,42.0,-231,-181.0,-276,45.0,18,-100.0,-142,32.0,-304,-10.0,-432,79.0,-182,66.0,21,-83.0,231,621.0,117,-27.0,-632,26.0,60,52.0,101,120.0,16,-124.0,-274,-659.0,483,386.0,73,124.0,-143,78.0,11,-137.0,22,163.0,176,-139.0,35,-154.0,146,-197.0,317,-51.0,373,-131.0,271,-65.0,-618,-116.0,49,4.0,24,347.0,-20,-95.0,279,43.0,33,91.0,-24,96.0,89,-96.0,563,-389.0,7,-366.0,136,74.0,159,103.0,110,-123.0,56,-78.0,-396,-125.0,497,54.0,48,62.0,92,112.0
-739,-212.0,-368,-502.0,-536,67.0,-641,-330.0,490,-460.0,29,94.0,86,309.0,-441,-589.0,-247,958.0,-740,-346.0,-632,-12.0,-570,226.0,67,424.0,-141,-482.0,-331,-313.0,666,205.0,304,318.0,334,-268.0,97,-318.0,-111,168.0,587,-441.0,-169,-215.0,-88,495.0,246,26.0,-143,107.0,142,-137.0,304,245.0,-117,-349.0,-111,34.0,301,368.0,-134,-246.0,31,-299.0,520,-385.0,570,131.0,-263,611.0,264,-453.0,-167,61.0,-77,309.0,215,-203.0,-553,-167.0,-267,-423.0,-385,239.0,227,710.0,63,132.0,-38,189.0,531,-455.0,220,-151.0,483,-531.0,-667,291.0,-238,158.0,-119,-180.0,-459,264.0,-644,-40.0,-77,-385.0,520,14.0,-178,-9.0,35,24.0,-335,466.0,124,-490.0,-187,44.0,-349,357.0,-363,124.0,-25,202.0,-14,-115.0,-134,611.0,-209,91.0,102,79.0,47,180.0,195,108.0,-171,-75.0,-441,-717.0,599,38.0,-130,54.0,20,114.0,25,-229.0,183,-30.0,213,-169.0,77,34.0,153,-232.0,99,-182.0,504,254.0,278,-119.0,-619,-86.0,169,260.0,25,284.0,-98,-172.0,560,275.0,-68,-133.0,72,2.0,-110,-229.0,269,-337.0,-274,-293.0,160,164.0,166,-30.0,343,-223.0,216,64.0,-706,-172.0,579,257.0,-349,85.0,-203,540.0
-656,-166.0,-499,10.0,-128,217.0,-54,-41.0,29,-252.0,84,9.0,-56,-153.0,-448,-259.0,-38,549.0,-287,-254.0,-332,-19.0,-372,9.0,196,65.0,119,25.0,-40,51.0,176,-183.0,311,301.0,231,-349.0,98,-254.0,275,260.0,441,-363.0,-10,-23.0,-59,399.0,388,-352.0,-101,117.0,119,-109.0,245,111.0,-21,-172.0,165,-42.0,158,240.0,-274,8.0,-6,-130.0,282,-343.0,502,-74.0,-59,552.0,-11,-197.0,91,249.0,35,-56.0,70,-132.0,-121,-10.0,-201,39.0,-100,191.0,325,805.0,156,72.0,57,45.0,310,-440.0,253,-124.0,382,-501.0,-430,270.0,-147,121.0,-103,-110.0,-274,399.0,-498,-50.0,-125,-255.0,129,4.0,-466,23.0,259,11.0,-26,329.0,-23,-251.0,-171,-17.0,182,310.0,127,-38.0,-40,196.0,-4,-42.0,-184,236.0,-298,249.0,447,-8.0,-50,128.0,77,98.0,-6,-74.0,-368,-288.0,185,-114.0,-176,169.0,33,-17.0,1,-160.0,107,-17.0,57,-135.0,75,319.0,120,-111.0,-238,-497.0,148,284.0,80,-20.0,-200,-77.0,170,285.0,-259,-53.0,-37,-144.0,433,154.0,-123,-264.0,73,-40.0,-141,-88.0,-101,-39.0,-359,-12.0,106,245.0,-23,-114.0,142,-250.0,105,64.0,-638,-96.0,169,139.0,-327,26.0,-299,687.0
-186,114.0,-437,207.0,144,305.0,526,35.0,-370,44.0,-67,-28.0,-38,-217.0,-96,140.0,-17,-53.0,179,-186.0,119,-8.0,181,-284.0,126,-96.0,220,369.0,157,304.0,-214,-460.0,14,-36.0,-170,-36.0,108,139.0,461,73.0,36,-86.0,150,172.0,147,-71.0,129,-517.0,-18,99.0,83,-31.0,119,-162.0,25,40.0,-8,-10.0,-16,147.0,-253,-7.0,73,13.0,7,-99.0,180,-153.0,143,-54.0,-210,37.0,162,445.0,209,-395.0,37,67.0,251,-79.0,-17,288.0,21,-8.0,298,229.0,156,97.0,135,-294.0,24,-400.0,101,-91.0,-20,-76.0,74,78.0,39,37.0,54,63.0,-40,172.0,-142,-66.0,-104,-11.0,-335,239.0,-375,76.0,276,-123.0,133,-21.0,-254,228.0,216,-65.0,473,178.0,373,-277.0,-84,90.0,-8,15.0,-151,-68.0,-89,274.0,161,-191.0,-130,24.0,-24,19.0,291,8.0,-142,105.0,-225,-63.0,-60,395.0,57,-59.0,20,-43.0,-77,97.0,-2,37.0,-93,548.0,121,73.0,-319,-644.0,-80,98.0,-140,42.0,69,-53.0,9,78.0,-246,-182.0,76,-52.0,183,113.0,-67,-164.0,52,13.0,-87,153.0,-221,150.0,-136,157.0,101,182.0,-85,2.0,-211,-179.0,-36,51.0,-267,-6.0,-300,184.0,40,-87.0,-224,385.0
137,406.0,-67,30.0,-50,324.0,495,-17.0,-385,155.0,-74,-95.0,123,177.0,72,217.0,-93,-196.0,417,-213.0,365,-81.0,412,-198.0,-195,69.0,153,238.0,149,108.0,-220,-340.0,-127,-172.0,-207,508.0,247,290.0,272,3.0,-215,132.0,215,47.0,134,-247.0,118,-343.0,-59,-4.0,48,-28.0,124,-115.0,-33,309.0,-312,11.0,-218,143.0,-146,-209.0,271,-214.0,72,-36.0,155,-57.0,233,-472.0,-48,166.0,51,260.0,147,-288.0,5,297.0,160,-151.0,227,99.0,27,-169.0,61,-250.0,-17,51.0,25,-326.0,44,-260.0,67,10.0,-204,187.0,162,-215.0,51,18.0,98,7.0,-97,-84.0,40,-150.0,76,27.0,-209,406.0,118,63.0,65,-99.0,127,-178.0,-269,451.0,198,-187.0,378,127.0,182,-496.0,-180,-89.0,-64,47.0,-181,169.0,404,-5.0,-283,-185.0,-198,-80.0,1,27.0,344,-62.0,80,14.0,-147,199.0,69,467.0,-5,-58.0,27,2.0,45,290.0,19,94.0,40,260.0,76,127.0,-2,-189.0,-161,61.0,-147,-10.0,-100,26.0,-41,-6.0,-49,-10.0,59,-54.0,37,276.0,33,67.0,49,16.0,-61,197.0,93,11.0,107,109.0,-50,73.0,20,53.0,-230,-78.0,-158,42.0,57,-131.0,-385,345.0,429,-169.0,-152,-45.0
-86,348.0,240,-350.0,-463,208.0,64,-201.0,58,9.0,120,-190.0,283,489.0,33,-166.0,-19,30.0,303,-277.0,211,-269.0,-104,-21.0,-406,402.0,-90,-360.0,85,-106.0,121,-132.0,-105,1.0,-66,726.0,184,75.0,96,235.0,-64,100.0,72,-298.0,60,-189.0,273,110.0,-186,-21.0,166,-70.0,219,233.0,-93,60.0,-471,69.0,-162,317.0,-66,-325.0,329,-389.0,365,-203.0,203,65.0,118,-328.0,38,67.0,-119,11.0,27,98.0,4,45.0,-201,-284.0,299,-142.0,-79,-104.0,-186,-337.0,-33,123.0,-79,44.0,120,-169.0,-11,93.0,-118,220.0,-218,-343.0,-8,90.0,-154,-163.0,-359,-150.0,-116,-237.0,117,-93.0,-26,296.0,471,-145.0,-177,78.0,-263,76.0,56,149.0,-40,-180.0,-115,150.0,-310,-404.0,-79,-75.0,3,-49.0,-120,540.0,614,-300.0,-390,54.0,-134,-20.0,62,21.0,107,-26.0,120,-234.0,184,294.0,-41,114.0,-2,44.0,83,-5.0,195,194.0,90,124.0,66,-127.0,-49,-102.0,371,220.0,22,353.0,113,-78.0,-281,39.0,-25,-63.0,338,285.0,85,-143.0,136,385.0,121,17.0,77,22.0,-82,-110.0,389,-244.0,67,-290.0,-116,137.0,121,83.0,91,121.0,-161,53.0,164,-289.0,-116,524.0,440,-262.0,-288,-252.0
-439,160.0,215,-419.0,-375,171.0,-170,-222.0,306,-203.0,351,-416.0,270,443.0,99,-384.0,115,300.0,8,-170.0,-265,-228.0,-532,52.0,-301,428.0,-176,-625.0,-128,-285.0,488,53.0,227,336.0,209,354.0,124,-226.0,88,483.0,268,22.0,-28,-339.0,-59,177.0,331,357.0,-244,39.0,236,-120.0,276,380.0,-155,-280.0,-246,62.0,27,339.0,-116,-240.0,233,-335.0,319,-153.0,263,50.0,33,33.0,-52,-64.0,-174,-73.0,21,392.0,-21,-327.0,-399,-233.0,270,-294.0,-127,-2.0,-255,-121.0,40,127.0,-160,155.0,124,-260.0,11,10.0,139,47.0,-525,-239.0,-58,199.0,-440,-344.0,-493,81.0,-226,-209.0,98,-169.0,40,126.0,390,-350.0,-174,328.0,-348,253.0,295,-183.0,-226,11.0,-339,103.0,-498,-229.0,270,-41.0,124,-163.0,8,653.0,459,-354.0,-186,162.0,-108,49.0,117,32.0,-204,69.0,-250,-364.0,420,109.0,-335,-92.0,29,64.0,31,-42.0,231,12.0,139,21.0,73,-326.0,-58,-144.0,428,242.0,252,535.0,362,-307.0,-362,86.0,82,33.0,499,268.0,-22,-114.0,189,320.0,-40,-211.0,89,-23.0,-111,-374.0,429,-424.0,-134,-483.0,-176,184.0,169,94.0,321,118.0,10,64.0,74,-355.0,228,413.0,133,-379.0,-416,-192.0
-553,126.0,-33,-150.0,-21,111.0,-85,-98.0,128,-299.0,458,-311.0,73,190.0,268,-168.0,187,222.0,16,-42.0,-341,-95.0,-441,-114.0,-70,265.0,-49,-524.0,-109,-258.0,460,78.0,480,457.0,167,3.0,71,-261.0,6,453.0,278,-95.0,-35,-170.0,-178,96.0,218,236.0,-130,113.0,101,-168.0,86,203.0,-195,-432.0,-207,91.0,221,221.0,-127,-115.0,68,-239.0,106,-104.0,49,-196.0,-81,220.0,-121,17.0,-28,-48.0,-1,274.0,-56,-462.0,-189,-19.0,182,-47.0,-71,25.0,-74,23.0,38,16.0,-46,16.0,33,-263.0,91,-75.0,174,-8.0,-344,-118.0,4,227.0,-478,-302.0,-282,228.0,-184,-76.0,-11,-112.0,-31,8.0,144,-338.0,-74,340.0,-112,142.0,280,-233.0,-353,-72.0,-309,22.0,-270,-47.0,475,-38.0,62,-93.0,130,369.0,127,-239.0,-90,176.0,-34,4.0,91,1.0,-135,192.0,-338,-73.0,387,-8.0,-522,-130.0,83,23.0,-17,-9.0,141,47.0,-4,-68.0,110,-123.0,-66,-112.0,196,45.0,312,463.0,282,-215.0,-119,57.0,48,82.0,250,110.0,-51,-87.0,100,10.0,-224,-247.0,33,-92.0,-58,-215.0,198,-312.0,-180,-248.0,-67,214.0,101,-8.0,170,41.0,72,-10.0,14,-212.0,126,109.0,-78,-315.0,-341,-8.0
-200,208.0,-183,165.0,289,108.0,85,-36.0,-21,-167.0,330,-114.0,72,121.0,399,117.0,68,-19.0,105,35.0,-108,78.0,39,-195.0,-31,187.0,85,-236.0,-12,-93.0,244,-10.0,377,252.0,32,130.0,50,-61.0,-291,310.0,210,-200.0,81,50.0,-95,117.0,55,91.0,-90,58.0,35,-57.0,-103,201.0,-158,-319.0,-273,194.0,194,7.0,-60,-172.0,-85,-131.0,136,13.0,4,-250.0,-259,124.0,-14,-36.0,94,-26.0,16,30.0,-48,-283.0,-60,14.0,149,-84.0,-151,-41.0,152,-26.0,-2,-56.0,-55,-101.0,229,-101.0,87,-88.0,-6,90.0,-115,-37.0,-66,96.0,-250,-246.0,65,121.0,4,-48.0,11,-18.0,7,-59.0,93,-79.0,-156,291.0,-93,-34.0,120,-227.0,-278,-82.0,-217,-68.0,-49,179.0,359,61.0,50,-86.0,127,186.0,-48,-138.0,-149,194.0,-71,-41.0,-32,-35.0,-25,6.0,-209,179.0,358,-1.0,-403,-68.0,163,31.0,-4,133.0,35,234.0,-58,-24.0,76,30.0,42,-48.0,18,30.0,165,149.0,248,115.0,-8,-71.0,56,-55.0,47,228.0,21,-46.0,-110,51.0,-161,-124.0,4,-16.0,25,60.0,22,-117.0,-8,-27.0,-1,94.0,149,12.0,-28,-29.0,3,2.0,-27,18.0,-86,-85.0,36,-225.0,-189,5.0
2,278.0,-249,17.0,3,150.0,-122,16.0,64,-79.0,135,242.0,283,302.0,254,78.0,23,74.0,-100,28.0,107,81.0,193,-178.0,-12,322.0,107,-205.0,-53,-62.0,106,-88.0,148,26.0,-72,386.0,18,-11.0,-581,203.0,56,-266.0,34,-14.0,-24,216.0,149,157.0,-132,-74.0,22,56.0,155,208.0,13,-302.0,-422,328.0,137,115.0,3,-306.0,-77,-352.0,251,-5.0,139,-258.0,-341,109.0,-26,-75.0,-122,-103.0,25,21.0,49,-274.0,-65,196.0,7,-202.0,-274,-11.0,100,220.0,-38,46.0,-8,-29.0,275,-190.0,120,-26.0,20,73.0,-105,30.0,-117,-9.0,-78,-370.0,88,-38.0,20,-223.0,79,-66.0,141,-126.0,166,37.0,-275,352.0,-78,-127.0,127,-516.0,-210,-27.0,-241,23.0,-95,217.0,174,236.0,129,10.0,143,329.0,-138,-144.0,-161,-6.0,3,19.0,83,30.0,-161,-120.0,-15,18.0,449,40.0,-192,-170.0,11,148.0,-17,186.0,211,99.0,-13,-31.0,50,-198.0,59,-17.0,55,163.0,19,150.0,313,-31.0,-56,-74.0,77,195.0,48,468.0,35,-99.0,-20,277.0,96,-22.0,43,76.0,-14,102.0,162,-171.0,110,-91.0,4,42.0,147,39.0,70,-82.0,-50,49.0,-16,38.0,-118,-90.0,-11,-32.0,-108,104.0
-98,167.0,-212,-214.0,-244,343.0,-487,94.0,214,-219.0,-4,363.0,421,393.0,-110,-145.0,64,437.0,-513,0.0,-76,-58.0,98,20.0,-58,408.0,-158,-237.0,-135,198.0,224,-32.0,76,-36.0,-73,297.0,-131,-250.0,-466,226.0,249,-72.0,-183,-99.0,-52,465.0,231,169.0,-147,-115.0,63,90.0,212,503.0,12,-146.0,-351,324.0,176,171.0,-23,-327.0,51,-446.0,342,30.0,282,-258.0,-180,278.0,148,-95.0,-236,-165.0,145,176.0,15,-173.0,-408,164.0,32,-265.0,-248,160.0,148,482.0,96,110.0,207,88.0,231,-216.0,43,9.0,165,-141.0,-270,216.0,-71,0.0,-234,-260.0,-31,-71.0,-165,-275.0,126,-158.0,120,-239.0,175,21.0,-511,529.0,-217,23.0,190,-739.0,-227,152.0,-202,144.0,-134,253.0,133,29.0,41,-31.0,-67,432.0,-27,-103.0,107,-119.0,4,114.0,50,28.0,-368,-26.0,39,-294.0,483,17.0,-121,-218.0,-61,124.0,12,109.0,365,-46.0,34,-50.0,-273,-318.0,-38,-43.0,99,351.0,128,243.0,413,-215.0,-321,49.0,78,144.0,218,475.0,7,-188.0,312,384.0,122,-27.0,-2,20.0,-189,102.0,226,-272.0,4,-225.0,26,120.0,202,-6.0,246,-75.0,-29,134.0,-100,-94.0,69,-59.0,-54,177.0,-76,309.0
-428,93.0,-70,-426.0,-329,350.0,-586,41.0,90,-397.0,-54,287.0,201,351.0,-250,-319.0,-22,544.0,-648,-15.0,-211,-192.0,-137,143.0,79,242.0,-269,-128.0,-231,20.0,210,-63.0,250,-3.0,-31,-107.0,-290,-261.0,-126,156.0,252,131.0,-232,-147.0,-162,511.0,41,137.0,-125,-31.0,172,163.0,128,478.0,20,-92.0,-157,177.0,197,166.0,-137,-155.0,323,-235.0,186,74.0,469,60.0,118,483.0,114,4.0,-181,-49.0,70,179.0,-8,-122.0,-324,106.0,97,-79.0,-155,160.0,113,501.0,168,126.0,-2,246.0,196,-35.0,20,-6.0,365,-384.0,-206,292.0,-172,203.0,-222,-165.0,-241,43.0,-154,-244.0,80,-172.0,138,-119.0,15,96.0,-293,426.0,-132,119.0,218,-573.0,-339,266.0,-99,218.0,-108,77.0,273,34.0,57,-28.0,-251,310.0,-174,40.0,364,-144.0,-14,284.0,-53,80.0,-575,-133.0,38,-315.0,337,-64.0,-235,-87.0,-56,168.0,167,6.0,364,-208.0,156,-49.0,-157,-494.0,-107,-95.0,-31,295.0,217,180.0,522,-85.0,-440,36.0,198,248.0,363,237.0,88,-209.0,505,412.0,83,-103.0,86,-53.0,-323,-40.0,76,-184.0,-99,-129.0,2,179.0,226,-14.0,198,24.0,34,169.0,-205,-159.0,36,-94.0,-85,257.0,-49,590.0
-366,64.0,324,-296.0,-387,-58.0,-227,-181.0,38,-308.0,-99,28.0,-247,177.0,-24,-187.0,-234,267.0,-406,-37.0,-41,-158.0,-214,-50.0,82,-1.0,-282,22.0,-83,5.0,-76,-85.0,233,50.0,-38,-334.0,-105,-86.0,164,63.0,223,233.0,-118,-61.0,-120,220.0,-186,-50.0,-178,22.0,227,147.0,-89,354.0,51,-135.0,2,-7.0,-23,19.0,-196,-104.0,385,308.0,131,192.0,251,-8.0,264,362.0,35,162.0,-80,43.0,-101,-43.0,66,45.0,-29,46.0,72,91.0,-30,-141.0,31,192.0,130,144.0,70,186.0,109,-4.0,-9,-18.0,308,-447.0,-66,214.0,-51,151.0,-85,101.0,-233,130.0,-104,34.0,-49,-66.0,1,59.0,-183,187.0,-45,77.0,-47,26.0,125,-17.0,-91,154.0,20,-77.0,146,-178.0,247,-53.0,0,12.0,-242,23.0,-99,145.0,359,-147.0,-103,269.0,-26,134.0,-326,-52.0,8,-184.0,130,-54.0,-284,78.0,57,205.0,147,-10.0,246,79.0,211,-51.0,-96,-165.0,-167,-106.0,-75,167.0,223,69.0,190,-36.0,-367,54.0,113,96.0,237,-112.0,83,-140.0,276,226.0,111,-204.0,152,-52.0,-300,94.0,-186,11.0,-137,73.0,-123,174.0,112,121.0,28,-26.0,9,137.0,-106,-89.0,-163,-141.0,125,150.0,59,456.0
58,-14.0,550,58.0,-147,-371.0,110,-331.0,145,16.0,-73,-107.0,-476,69.0,346,19.0,-338,-288.0,158,-22.0,248,-45.0,-52,-297.0,14,-196.0,-112,165.0,-32,-35.0,-368,-131.0,-4,-67.0,-96,-273.0,84,192.0,210,101.0,98,338.0,26,-57.0,-181,-89.0,-218,-138.0,-225,113.0,307,130.0,-259,149.0,-56,130.0,71,-33.0,-196,-53.0,-30,-191.0,343,516.0,59,367.0,320,66.0,56,42.0,8,140.0,-84,-50.0,-195,-391.0,-79,202.0,130,-1.0,246,238.0,-5,-308.0,-196,-139.0,-44,62.0,112,87.0,80,43.0,85,12.0,178,-76.0,117,-80.0,-51,40.0,54,318.0,-155,-6.0,-73,59.0,-66,-55.0,-11,259.0,-242,120.0,104,-114.0,-11,-207.0,123,470.0,133,4.0,44,-197.0,286,-328.0,61,-62.0,47,52.0,-117,-267.0,65,147.0,146,76.0,-94,305.0,87,325.0,-104,-105.0,61,76.0,-16,46.0,-115,148.0,133,145.0,213,24.0,35,434.0,177,27.0,-5,97.0,-91,-58.0,-70,96.0,132,-11.0,-69,17.0,-135,-47.0,31,94.0,14,-114.0,68,-8.0,-73,36.0,62,-72.0,229,-18.0,-81,171.0,-232,75.0,31,96.0,-76,155.0,85,97.0,-146,-22.0,-21,107.0,-100,-83.0,-354,-28.0,273,-14.0,-13,133.0
736.875,,741.609,,735.016,,738.125,,736.25,,736,,736.875,,732.328,,739.031,,742.172,,740.656,,735.922,,735,,737.703,,736.297,,739.109,,738.531,,737.047,,736.016,,735.141,,736.641,,735.109,,738.75,,740.687,,739.609,,737.234,,742.031,,735.766,,738.937,,735.094,,740.547,,741.187,,740,,737.125,,739.687,,740.047,,739.125,,735.75,,736.984,,736.516,,734.047,,736.937,,736.594,,743.187,,739.375,,742.078,,741.937,,740.609,,737.094,,741.281,,735.703,,736.969,,742.766,,738.094,,740.203,,740.031,,738.031,,734.031,,736.484,,736.125,,735.172,,733.656,,736.578,,738.516,,739.016,,738.281,,735.484,,737.156,,739.125,,740.156,,732.187,,739.891,,735.281,,738.344,,741,,742.125,,741.187,,739.125,,743.359,,739.266,,739.781,,739.187,,738.156,,742.297,,738.031,,740.031,,741.203,,740.859,,739.641,,737.453,,735.484,,738.25,,740.922,,742.266,,743.031,,742.234,,740.75,,737.828,,740.719,,727.672,
END,,END,,END,,END,,END,,END,,END,,END,,END,,END,,END,,END,,END,,END,,END,,END,,END,,END,,END,,END,,END,,END,,END,,END,,END,,END,,END,,END,,END,,END,,END,,END,,END,,END,,END,,END,,END,,END,,END,,END,,END,,END,,END,,END,,END,,END,,END,,END,,END,,END,,END,,END,,END,,END,,END,,END,,END,,END,,END,,END,,END,,END,,END,,END,,END,,END,,END,,END,,END,,END,,END,,END,,END,,END,,END,,END,,END,,END,,END,,END,,END,,END,,END,,END,,END,,END,,END,,END,,END,,END,,END,,END,,END,,END,,END,,END,,END,,END,,END,,END,
